RASSF2,ASPA,FTSJ2,TMEM145,DKFZp547O146,CARD19,CTRC,ZNF324,MUL1,BOP1,SP1,SUGT1P1,RPS2P32,ZFP82,EIF2B2,MAGEL2,BCRP3,RACH1,RC3H1,FUS,TXNDC11,ZNF512B,GLIS2,AFF3,SPATA41,BRWD3,BMS1P4,NAA40,EIF5B,BAMBI,PHACTR4,DCAF4,IFI16,PARP2,ANKRD45,TMEM258,SLC5A7,MZF1,CLECL1,NBPF3,PSA_Pathway_Score,AR_Signaling_Score,Proliferation_Score
-0.9675804289438688,1.1718687597091897,0.0014868612484281,-0.1139188113942448,-0.1666927949463729,1.522745482714041,2.8997753000715,-0.98126616307481,-2.80321646039254,-4.05969825302954,-1.1757778123068028,1.3353309278968644,2.4308116508932573,0.6214935465871474,-0.9710752274142868,1.0932160057656206,1.4602683692353056,1.3665497243244171,-0.3619551414441043,0.1672939221467156,0.8589772908615699,-2.079719571552937,0.0053358760504698,0.045000388976232,2.4463131222159205,-1.893486403329684,0.1917886646387171,-0.0869886653831794,-3.1949958852232654,-0.9085890102916092,-0.6128777707134668,0.539547901228143,0.5348190670248935,0.8340253044641667,-0.0148248411894174,-0.5070727437154819,0.9559491844929502,-0.2035319083145511,-0.932682682035973,-1.1263296032773351,-0.7359076343309641,-0.7746438007011277,-0.18358963954236707
0.0730862852293892,-1.115561066591886,-1.866527542479701,-1.9890335794294245,1.029506664490046,-2.7035161821855453,-0.5614366711579898,0.029844151923529,-0.2422157856251693,-1.5744820537242104,1.7912450175217305,1.5121297868842838,-0.2846376672209288,0.7883299987381622,-1.151117837176948,-0.4651012490334288,0.5535381123133852,-0.2856847395932174,2.571499145643345,-0.0057537213468416,1.5902070790213585,-0.1493305676504495,-0.7903971508969649,-0.006081565955246,-1.230923713656512,1.5537996222581028,2.1077803170103784,-0.007455454602355,0.1795207190654684,0.751275369274211,2.26846290778494,-0.7505329777623402,-0.2965433163526185,0.8760560434183158,-0.4959748233360718,3.0714640483766664,-0.1927154084979789,-0.25842287354571,-0.375948387643451,2.180308605149351,0.5488645347635691,0.8826553391568874,0.6217886906564345
-0.7530046948106927,-1.3740236356000648,-0.6317744522887196,-0.597774781916893,1.5167088917263845,-3.85137081681941,-0.5614366711579898,-0.4096308412956436,0.3219760465357806,0.0453821340587533,1.3203834822009135,1.1237132724746604,-2.802037179265481,0.2751823521760228,0.0716036855966647,2.191439132696042,-1.3507946085426372,-0.4478101969894217,-0.5120158089939273,1.506017779906877,-0.3484118614664815,0.1559913899258884,-1.737254511586914,1.6346563285159157,-0.6505702074033023,-0.7895404414690382,-0.2171614192438154,-0.8590012893959286,0.5886735060918604,1.1287271872289508,0.6958313245310503,-1.117342848937069,-1.09842855730267,0.2259590789230153,-0.0427851216294744,2.599815625036209,-1.2807503622091003,-0.7135664621289378,-1.6906817562970466,0.2776132715854774,0.5308324227338792,0.46496014446878625,-0.04209828672011965
1.364836006888474,0.1887825110937506,-1.716133491103366,-0.3517102601181088,-2.078017588597541,-0.9740163378510684,-0.5614366711579898,-0.1632456002563376,-0.5118655991115539,-0.1203245036257356,0.91013166475547,1.0980090138200973,-0.7168373169625472,-0.720990631970435,-0.005594101212135,0.7914243201570718,0.1301587603561535,-0.1265154514061747,0.512019326842661,0.0983156772226195,0.7475798432097732,0.77828745303077,1.2471737604380213,0.6920986994093017,-1.4758409355137485,0.7690870919939449,0.7358970925599383,1.129850083303852,2.054043939785202,-2.167495803168153,0.6599305978078219,0.1496689817705633,-0.2224547446749065,0.9447755524763732,0.104492900500535,0.2995975987783276,0.378714408628759,0.7087016837862625,-1.2145841813421705,-0.054172073632676,-0.42342109670910105,-0.24591958923965415,-0.46793474628025405
0.3372045063372912,1.6620915171535002,-0.7073279586309016,-0.9916749768759796,-0.2833606420168799,0.2994736321069011,-0.5614366711579898,-1.788459361850785,-1.453930303639131,-0.2144623251345088,-0.2974704729098069,-2.03057433652912,0.7973176224441306,0.3116992993186305,0.5344232298521879,-0.3404576664767822,-1.1095116490329695,0.7443469239613633,-0.2956980283145143,-0.123542419165307,1.00706370021216,-0.98148409330734,1.1658949004497916,-0.6829916810080162,0.3261798338658497,-0.5121418987474319,-1.123574361386475,-0.7263534480430773,0.7769576914366949,-0.9891215005545116,-0.6133268713585366,-0.3974035088965325,0.8610869728931473,-0.6882230934102842,1.487617921638016,-0.2008279143640646,-1.2807503622091003,-0.5149643469800828,-1.0339820103753985,-0.8884192200828142,-0.42119109045941544,-0.21749138559536826,-0.4743762719086283
-1.67896082713799,-2.2877917021671674,0.2606241728820196,2.3575328213385327,-2.8717010911500425,-0.9230298142373514,-0.5614366711579898,-1.729510230652503,0.3287459330630394,0.2805354474552217,2.1335712337061805,-2.053511539217993,-2.802037179265481,0.6042274457440882,0.4449037446953305,-2.463144208530308,-1.4201307635549076,-0.981812879139412,-0.5354948334144023,3.493718847762361,-2.146676173232486,-1.5657674718128156,-3.147428011004317,0.5828628564444142,-0.2460195518267896,-0.7169642087700886,-1.4485944909691424,-2.570814902850775,-0.4467261454490775,1.5587520401074035,0.963087572457588,1.29978688993021,-1.847208071656351,-0.3799593272585462,-1.6420670888068831,3.019987129852792,-0.7974606707527914,-1.1184931934091198,-1.6906817562970466,-0.0102217900541617,0.03496685043180276,-0.0004594517459056424,0.2594272982711438
0.8311129034996142,0.8134077307428301,-0.4813825362840206,-0.4195065596347115,-0.7344228524418066,-0.4991737569911818,0.1565679583546525,0.4998080024585163,1.6237887478540531,-0.9385279796103392,-0.7399668461986928,0.6057278764934966,0.5091636236444986,-0.1209643826102906,0.1888621409019261,0.441942005179742,-0.803453450040266,1.6038345035804884,-0.8081962110183153,0.2800103512406718,1.1657794180878551,-0.4198226170607134,0.5158235446972464,-0.524925027127915,0.380762513250178,-0.2816884038186638,0.197463662170117,-0.792764086853992,-0.2414746692851931,0.1646002793674205,0.9192521228469206,-0.8732219533891458,-0.1362592290839127,-1.3788505806019358,0.7967359274680169,-0.920066458492638,-0.0047835282440539,-1.3830483493741113,-0.4096873876136104,-0.1094859438290544,0.10054960635977521,-0.0868201177536557,-0.784580467897217
-0.7574766125475625,0.5174729054682161,0.4261890729002645,-0.4032044055167521,0.5586385991690525,0.3889687132053666,-0.5614366711579898,-0.2640901325420631,1.8320322298051168,-1.581173647844894,-1.0348498508870598,0.6840235549693917,0.5943583538147672,0.2164180997878514,0.7903086472069015,-0.2817683695008683,-0.2988531136095979,1.318451716003778,-1.022817948367369,-0.6874098445016807,0.2974260971079924,0.4074358990764398,0.5192966607152436,-0.5990052587338578,0.5736101652453252,-0.1914427086154393,1.2371555402844798,1.11307698058412,-0.0178040913085793,0.0924770762675857,-0.3433994199287024,0.947252599336468,0.6289125275173907,0.866775547725424,-0.0725002731714744,-0.1478411640285669,-0.1335884481585452,-0.020398894323345,-0.5389998216652498,0.1816944625192261,-0.14871254946110563,-0.2130674919643199,-1.0959622285011883
-1.0643978453135048,-0.1239976939790608,-0.111663490576028,-0.3304532804322172,-0.6793977756392168,-1.753721758629036,-0.5614366711579898,-0.4979827198134967,-0.3648445016394264,0.1168271689146513,1.7282505437555846,0.1610682466416075,-0.6862685996545708,0.8428769560361764,-0.4788716161541913,-1.825236286566334,-0.9310572546015436,0.7821766301187781,2.1126646428585167,0.1932205574554657,1.329672349884676,0.2172090210205255,-0.636484377840146,-1.586535616469258,-0.937581896524946,0.966496001247351,1.278412671993047,-0.5042666939651756,0.7183925691194557,0.287540855092562,1.4890591687565355,1.2413319976016484,-0.4558882391889105,-0.7798358999376998,-0.929494076131518,-0.1770454419597159,0.5667900690356897,-0.7610368936722385,-0.2997426876513857,1.5880000767571307,0.10555427255360486,0.2733215660898719,0.6086588686721669
-0.7779874819413269,-1.2329341819447788,1.4882936988374091,1.7506120325869674,-0.923888741043854,2.718911503415863,0.2131226297379858,0.0928014951682936,2.0981412768255243,-1.3987022154040547,-0.4634967819145185,-1.565406503106229,-0.9233411340464124,-1.3259728382718776,-2.1471432985012204,1.3109360227983855,-1.3222811862777193,-1.3066216348888595,-1.5474464905730598,0.3515152170673761,0.456276676384852,0.0610953275269523,-0.4654767829022308,1.659443900730878,2.5903641953751606,-2.1839569875849807,-2.606958093724168,1.405927886847423,-1.6273080900326855,1.8327125223221008,-0.7101960726761886,1.1074706831234942,-0.8160347273827068,2.072716619256713,-0.6729162048215048,0.7467627900188375,0.597508624395533,-0.0066202559418648,0.0814557282251889,-0.4231698488280088,0.6231163014592168,0.41989283801357796,1.7280917801898616
0.6646449028609148,-0.1485062502178921,-0.6342414411766472,-0.8089696378056738,0.974310702869553,0.1008168290548422,2.0151336293507707,0.4407522060595352,0.4605976512543595,-0.2679059984268409,-0.0647333789397727,-2.260858945299205,0.8458174787289247,0.8248385368932045,0.585449550148666,-0.7940365226822172,1.434652417587037,-0.1074340630798559,1.0142877278858424,-0.0767559691486403,-1.0667225773266222,0.9438422198181838,0.7909977576021318,0.1923695777972996,0.3730215934805911,0.8416981137669074,1.490802384100162,1.3698905079401438,0.4896721842630127,-0.3915571298160639,0.0218717911703727,1.7110932263160383,0.3843196451963396,0.6769852768055847,-0.9294553843213688,-0.4053924144177583,1.1385437247472094,0.9540267643707344,0.8739243379142454,0.1352131290389118,-0.03763233070401816,-0.06853089371578813,0.6549999161072063
0.0979875084358548,-1.1858142175031994,-1.8863441262316247,0.6179450993969505,1.7870579902407815,-1.891774678494297,-0.5614366711579898,1.32729241867992,-0.3673477039388527,-0.1460930339479202,0.7220446762416759,0.2156776604756204,-0.8394207095813193,1.830856540603398,-1.1922656054938967,-0.9120253513998468,-2.205954738231944,-0.2328783980804391,0.1790903683339886,1.5327150403470158,-0.0949405362907009,0.8284889763640886,-0.0398516485365875,0.085245737537656,-1.3636178904664171,0.9045778523125144,-0.0147259887113171,-0.0251961232142297,-0.5016314576823255,0.1528368127291858,1.824213362772677,-1.1097503669530506,-0.0581943409363396,0.4280638225526738,1.0859702964172993,1.2109411388542028,0.1272802576975013,0.286583711884016,0.1331429108037602,-0.0072942863576462,-0.23276696703580696,-0.08800570412237511,0.49826951183959345
-3.0118539608386463,-1.4152972559335484,0.4008199985080949,1.0219440360854524,-1.194868527457185,-0.6556688088117102,-0.5614366711579898,1.052261944900914,0.2517258273180821,-0.3679768023564235,0.7759454081058934,-0.155661474461998,-1.2481288701422455,-1.6055194622736495,-0.0482559248165074,-0.166520530654399,-0.9686890809036536,-3.0010652502469086,-0.4748893476588091,0.633022145644061,-1.0405675329015227,0.2740789750049885,-3.5749299256632643,0.2987257634271815,-0.908472506875985,0.0204063276978862,0.8063517901940249,-0.6418736795382274,-0.0118655709766919,0.9595868477793548,-0.3812955143373679,0.4001799206901243,-3.1745489034537755,-0.3352264892511844,-0.0244317772957841,0.4922207544328073,-0.6032169555430942,0.5152480613236806,-1.6906817562970466,0.5486457646521912,0.6509294475597148,0.24739004417424948,-0.9572917110531327
-0.3328319502419457,1.0359879814921222,-0.1840238629578849,0.1920551006169535,0.2486587483394218,-0.1133889376485367,0.5484938010059831,0.3737581379246746,0.8244599435052152,-1.0203401203019844,-0.116494128578571,-1.2249349285242617,0.2609703260006289,0.450922729118488,0.2896812871743483,0.2749986403734757,0.2221316016747215,1.3440024729661595,-0.5021525266637259,0.7956002993601401,-1.1543889768024644,0.756438255463594,0.154592976820487,-0.2325115718331165,1.8901295378914036,0.2041949015983004,-0.0469845736735265,-0.4816944105929357,-0.2615581273113831,1.2026001254231171,0.9597967893344294,0.1789502125325939,1.1098763904960751,-0.1529326629801534,1.5253754372385848,-1.195320105471462,0.1328043797757528,0.2507999082666025,-0.7021435267253372,1.5437065212009593,0.20236421841970723,-0.003481240519539519,-0.5726322689109836
0.2752189876760042,0.190701457663339,0.5243392460515084,0.7481482415307978,0.7700643256993183,1.0548141441917591,-0.5614366711579898,0.4634568709566766,1.35871776728033,-0.4929992898534833,-0.3510565575727405,0.1015766126808739,-0.1723645641147791,0.2631639859946914,0.8512048609041023,0.6473187514842229,-0.6212577693452996,-0.3659117743071,-0.9668603295657414,-0.1258542344646132,-0.1387252094113132,-1.5769923784310198,0.0007336028113227,1.135165798687176,-0.0091714094353963,-0.7316992508049914,-0.5668210873508956,-0.673616263502041,-0.5119277740161912,0.5329217377188638,-0.3479696489644255,0.3130235195264041,-0.5520280606594231,-0.383615406331352,0.1173178544498302,0.3363624603215354,1.4028663140933988,0.4628258126047448,0.4558298703158218,-1.0825699591001,0.0016376741184872773,-0.24124437840252796,-0.507146235986679
-0.7182772737296264,0.8167354234795791,-0.3145031184642117,-1.033345772860207,0.074623269885751,0.0645389399776999,-0.5614366711579898,-0.3700926649679881,0.9079164389601452,0.0825381352074049,-0.5912756825666593,0.6588308060531607,0.6951133508616544,0.100297735762083,0.301700480008769,0.1761507194426476,1.0066756484332562,1.073517277867857,-0.2880271175500775,-0.048878998956132,-1.686738546102395,0.51515679046698,0.0241568871502184,0.0429759554876018,1.0594608875209792,0.4549386909812049,-0.2197987006786692,0.3351462341169856,0.5983239396819927,-1.476694481399779,0.1181949508906018,0.9636247358949872,-0.0247606707016818,0.3307288467353023,0.3741333665146152,-0.6620374741894045,1.0138339270951626,0.754085066012459,0.3531520572761235,-0.3186487708500752,-0.17658001987936217,-0.3619422584566379,-0.991742589833352
0.6073563160452287,0.0520102635187396,-0.3707358747066745,1.965867214434468,-0.628883593390911,0.8464597788711788,2.3862662987482195,-0.9147118993725128,-1.4075056664490733,-2.210797424920091,-1.996404662953155,1.0715044897251635,1.1547793008532052,1.0066086390428886,-1.5784002267826795,2.164117982100225,2.1212927160709016,0.2582618051238204,1.423446864512375,-0.6081063991298886,0.9816149270117324,-0.3588220113341144,0.80995482514054,0.7800644618604986,0.3480677064294266,-0.8176503787568736,-0.1144557060629821,0.7849475989092122,-2.175230930450234,1.5043444261717225,-0.4343721679624037,-0.2139770916488853,0.8936388251528486,-0.815359580394099,1.0324117859042647,-0.1225542244582639,-1.2807503622091003,0.6370342368264086,1.679290092864199,-0.1051974923132386,-1.3558295785477097,-0.8021511336479094,-0.9017668484925448
0.2372124888894921,-0.2181174938653289,-0.5979939590179184,0.3841194197194562,-0.239876667916146,0.5639210852336782,-0.5614366711579898,0.1934885947141857,-0.3968255376644579,1.0914221006686784,-0.2600233973554178,0.6269583080384411,0.3233524594380976,-0.190622300008751,2.5393078133058093,-0.3494384367554965,0.2157322190906001,-0.3662239895864393,-1.1037895485995293,-0.6726833948090984,-1.1743749622600257,-0.8684215847929865,-1.3180100214553772,1.6330823531046292,0.4060707118875932,-2.3340559338542786,-0.7258915714217034,-0.0580663985957382,0.9375078087060243,-0.0257053484926133,-1.6396029914540582,-0.1867613417654193,-1.6117743109326903,1.4923539277822966,-0.17792078447384,1.1703478428218963,-1.2807503622091003,2.242898762894453,0.1065862440536672,-1.7717343306140467,0.47897594315944503,0.25458281703412144,0.022825419452126485
-1.3917880319556504,-0.0807933743349834,-0.1221038712724753,-1.0536061179224625,-0.1279813563778464,-1.6905001646033708,0.5023558944666732,-0.4950198980883933,0.3904758426791554,-0.1281850962494784,0.431852804553006,0.7816065698469908,-1.4792567646943222,1.3954803435973118,-0.3277851879802923,0.0694187818508713,-0.1127010529770001,1.2233605023033425,1.3000397156492742,0.541941780582364,1.5622833610003712,-0.8322274735122757,-0.299812725295844,-1.3596912284819995,0.3234411061308836,-0.3863987956559627,-1.0186098696590498,-0.8006286138598121,0.3626289118434154,-0.8343732277696826,0.6007096315625764,0.3035802589823447,0.035615010239989,-0.9500780502511624,1.2924706911822297,0.7876354076003007,1.7454115917746118,-1.419135851801824,-0.7379464687847129,0.8401186064466868,-0.030563618165016206,0.10880593627072394,-1.337699130122044
1.072927759216471,-0.5712931345885359,0.4015807364575131,-0.0136099589104342,-0.6775167315788374,0.5569115782165243,-0.5614366711579898,-0.1322319351028479,-1.6430368883586135,1.638092792522034,0.2510638589270376,0.5051999972750602,-0.5083729649142711,-0.1928813987590105,1.2344228550010077,-0.0168041094865557,0.0944238982411371,-1.371819614667375,-0.5853887392680301,-1.1983177326514076,-0.2545338132387624,0.7875087258580967,0.6152628929417768,-0.901394624797877,-0.99560763781075,1.2903124439886704,-0.5234358582147051,-0.5123044600520156,2.0121637438024886,0.123645277131732,-0.5884219291131055,1.9787228191109856,0.939925295684122,0.7871327895462701,0.7121415445231514,-0.2122793561489233,1.4935791730864767,-0.838913726283463,1.9441169383074792,-0.7732547433856655,-0.488952292333502,-0.0678667709759874,1.8557454820688535
-1.262736444589784,1.1462928308096243,-0.3335627378154698,-0.186991982147019,0.1926380727033776,0.5781533568952496,1.3653037427692634,-0.4995993986630574,-0.2706003609334861,-2.1174199168479477,-1.8400234556050443,0.8718640477482789,1.0242139554287428,1.0749653966450652,-0.0765337144263247,-0.0786254444274498,2.388441645313171,1.2656559863318777,0.6843592244915278,0.3879825378066909,-0.5308323391038231,0.3542906648651723,-0.0398091158528456,0.2708276310399874,1.3342669884354483,-1.0376234197729326,-0.2229751709981774,0.7175066698243792,-0.8020801278908158,-1.2070222010860503,-0.1730644081642458,-0.3931516465757835,0.1511162832823232,-0.2408991421397097,-0.3658870120456947,-0.671814445058079,1.2049728265140274,1.2992436396075075,-1.2511987835474303,-0.9180934529040806,-0.47446412472922567,-0.6491048368253541,-0.6434472123142427
-0.8457683490690585,-0.5483119693988152,-1.180659812222278,-1.4182054015307586,0.9311335887169468,-1.6809259759710846,-0.5614366711579898,-0.6900547280851321,-1.4714323890026786,-0.7371785308205019,1.3686051274266278,0.6630306549913919,-0.2698747122132703,0.0854149574776306,0.5120143571164151,-1.6072110919080198,0.0540063134400701,-0.0593396626082423,1.48955284526372,0.4594276776078981,2.3818647545517315,-0.4263211025030943,-0.6046645994717269,-0.2458842149171686,-2.034013391824266,1.2533924539988357,0.3009329361345126,0.0223426929304264,0.0051894165864161,-1.0278825425586953,1.4073700698897942,0.1660553193865032,-0.3668329173675261,-0.1817506570925581,-0.6195257748644676,0.9974508685043056,-0.0684827060035865,-0.3814354832922679,-0.4736375513856271,-0.0233417979002957,0.22094638242746617,0.1687311549488597,-1.403009532002703
0.8612028936335792,0.8522309359219472,-1.7658060563475555,-0.6211160955300467,0.0381414903725884,-0.5974288462681052,-0.5614366711579898,-1.1056301666606774,-1.753589343798796,0.1846003161169195,1.167328829740268,0.5069773495324559,0.2227574611421756,-1.605231277201597,-1.125383916135317,-1.1439306391167674,-0.5490659744554067,0.4974146689170056,2.012473876307977,-0.4332517002987487,-0.2059986057534562,-0.4119577168504981,0.3588164878561888,-1.4768908897178457,0.0027661367690683,0.9380128827177824,1.0761163619330572,-0.2406235811353584,0.2204625151622743,0.7947715145351232,0.6505597117870279,-1.5014475374652023,1.1071279497301296,-1.145132066386388,0.4851872563277279,0.1434936391939786,-0.6422562228716231,-0.4747163655666663,-0.3113640800567675,0.3364074995135837,-0.07723450109165388,-0.09468206573364227,-0.26857462140368227
-1.1983711013422396,-0.7491409003060232,0.26967031034013,1.7742782101739965,-1.2999300159555327,-0.3193340687669238,5.060061096350335,0.0379638268650397,1.778965265666535,2.3539005444346475,-1.7152958184462372,-2.17918090851358,1.4075153631363584,-0.2452849573960617,0.2892636335598306,1.0700972701931646,0.8895608818305889,0.643243260147209,-2.1628845180623752,-2.111515108312493,-0.7011271527082864,-0.6265250698910162,-0.8896493779179211,0.684431606744593,1.655092076746194,-3.036005171364048,-0.5724720800736116,-1.345916145707985,-1.6918502865077176,1.1380097152326196,-2.672864638328022,-0.5778750157844996,-0.8156089482461675,-0.1647833578640012,-2.504496044883151,-0.7117552839649812,-0.839112072239321,1.5186755608703837,0.5776330071244545,-0.7023952489696351,0.44803619905856346,-0.038260920272605234,-0.46167012740578933
-0.6724328610000635,-1.4344466527804771,-1.972888638294673,0.061756318701126,0.7538414668539354,1.2778834337627276,-0.5614366711579898,-0.4128901738882296,0.3125461180194174,0.2002809158172037,-1.186819527754589,-0.923605635043914,0.2845883128176884,-0.1216742042428106,1.081554717201534,0.3087963758442988,1.0489761250208187,0.2663452216582485,-1.557369988590805,0.0944488502270276,0.4140620575354201,-1.8311325723986664,-0.3208788399901855,1.0335713104401842,0.4853806612110128,-1.7992884505685036,-1.0109814154785806,-1.3310547914915751,1.0032355301828653,-1.612092808552667,-1.7202227863360675,-0.0628661300608383,-1.1448523974363292,-0.4528087696911526,-0.2067772519686684,-0.2209036926743763,-0.6204752302056739,0.8096097316475942,0.1923920780739804,-0.152509033866137,0.110351481060352,0.14050835910838236,-0.4238152200404124
-0.2302825705090525,-0.3206061026854359,-0.7537812026355958,0.7619129333279127,-0.979817728568118,0.0079097620916115,0.3350330539403383,1.7439015639338675,0.5865775422361519,0.0453546298808662,-0.3652446388380956,0.2857699583205871,0.4710600901912382,-0.4213967047575708,-0.9733481665015138,-0.032961999379198,-0.6086766550621161,0.0412050410417326,-0.1885632873605302,-0.3607015470927523,0.718243996034773,-0.1471254935271915,-1.141890467190315,0.41191377350029,-0.4257445087537173,-0.7007914814388259,0.3855243372508348,0.4344258536316019,-0.7372067611642068,1.637740639453258,-0.1553044822774134,-0.6552333780169499,-0.2602607587259991,0.0113293531544852,-0.1630532645380762,-0.3869132348278405,-0.8068645317254106,0.8595880348462321,-0.6004720515438938,0.594254043962937,0.48299260520847487,0.31596007696343203,-0.43624390043582906
0.8888220803258071,-0.4170770801297778,1.1055104696907625,-0.0020378729220596,-0.4569499156833255,2.290825304396126,-0.5614366711579898,-0.4076282302291117,-0.7335945971241052,-1.177301568760856,-0.6705138676201893,-2.405716774834863,0.2036606373598809,-1.2674068194357926,1.2769844287243823,-0.4232870818585478,0.7117501268612343,-1.1572699548183518,-0.5067049325102347,-2.045682185518763,0.3578832116070021,-1.819713536521825,1.528169251310342,0.50864813843361,-0.9991297759301744,-1.8207370074295184,-1.3830333887020847,0.0590765815254934,0.6638063701861775,-1.6468963407037711,-2.855302592043929,1.3395825140483095,0.8315505414303471,0.6263679388558749,-0.0243160721245713,-0.7235097054773959,-0.0262721513762787,-0.4817957409556256,0.9068086951110363,-1.556828581418157,-0.5897135544866526,-0.4696193241399698,1.1555726255308565
1.5615887178194978,0.6354697205540223,-0.9328659562102858,-1.716060032933976,0.4620885368319543,0.7231850468714154,0.3483071056826651,-1.1840466951013864,-0.0944753568773931,-1.576712422831687,-1.380648690682847,0.2545510203399271,0.7283483586764452,0.1098620385496765,-0.4523183340843351,-0.3133344371578307,0.3701187939994169,0.2794802153898975,0.2965085731252129,-0.6184484736757253,0.2280393831483897,-1.817414268090159,0.4979078953578388,-1.2791716546570846,-0.5478277464447906,-0.9766422591973484,0.1021097193179286,-0.4298878656424721,-0.6217763512699647,-1.4828961959056688,0.9804337383767054,0.3651456281799295,1.5003772288181472,-0.4891979380894071,-0.3584847520837066,-1.139304513382553,-0.4531392388403829,-1.8574918940291112,2.2524530532985767,-0.5318867380617183,-0.44860418735108293,-0.17632440162135635,1.3433062090759298
0.0963842646733075,-1.3105384566622849,0.8697177051265065,-0.9155180744288244,1.165831111965131,-0.9721710616020692,-0.5614366711579898,0.7528958627784025,0.1127359152624551,-1.422584343551389,0.4629478495198195,-0.7483530868180546,-0.4484807842693525,-0.263104377694966,1.411756531587924,0.285019181543976,-0.0745576674779971,0.056762445759884,1.3501748743818345,1.1361579515411029,1.0365173618301995,-0.5535058108346207,0.4666598643219607,-1.0449519934368512,-0.778229269454478,0.8679816825075171,-0.6482829319770238,0.2110353198011646,-0.5791618744483934,-1.0212600092700896,-0.1135800820586475,0.1333029072372479,-0.1235985527734082,-0.7069742353324691,-0.9607432486451308,2.399144790421707,-0.7157795028832274,-0.8875882825105477,0.0044720303502103,0.7022897852274301,0.1106928890710549,0.47765060394632103,0.0537334543691399
0.472581881215445,0.2482514577111526,0.2637349790735459,0.2423413387902186,1.330809761862051,-0.2207395607998584,-0.5614366711579898,-0.7969608861063471,-2.1297854163792778,0.2895135043040713,-0.871613136261968,0.7946549630201146,-0.5719011934531507,0.3118903153453838,0.3973771967102016,-0.2581983764398485,-0.2067517081981864,-1.0188814588655666,0.621023543139785,1.289038461607892,1.591006393181693,-0.6119108670413327,0.6043591113440926,0.018526639674155,-0.4109097435172359,0.3990583228159248,-0.0234534186285908,-0.4536547651531652,-0.1503083610211406,-1.1455437089827132,0.907192512077536,-1.341137353587833,0.4425186318624932,-0.3661265128469039,-0.0090564616427538,-0.3905621638180661,1.2376917829525904,-0.071646236218196,-0.8379802335189767,-0.0896968437616527,-0.24606375162863878,-0.20667415276131476,-0.7062177215031182
1.481022744307386,1.0687667905844576,-0.5631539882927169,-0.2055309695372278,-0.7459586185813231,-0.1745471587667139,0.41797748903258,-0.2311154133248473,-0.7758365256217635,0.5536892728991047,0.1999357907480637,0.5662984604722693,0.2078705515227164,-0.776938962590153,0.1324132252349178,-0.4984982240648538,0.6558986267923544,0.6333853133084618,-0.6901042505735077,-0.4372110761978398,-0.3336017240317699,-0.4689488010070022,0.6362099955425761,-0.5438021121108222,-0.3207985955038276,-0.0116648296203589,0.5142545288556283,-0.3186682272081249,0.0562276827929313,1.0476171729270585,-0.2856939257694776,-0.6955595492815275,0.2986083170036836,0.0223230774072698,1.734189814849051,-0.8447556106403918,0.1149667565160561,0.089211820078382,-0.0942072959401057,-0.2033810741228321,0.41266751722290024,0.0676642820628944,-0.2746225302329218
-0.1082095565973916,0.4941364238204259,-0.1646601897961857,-0.1691463425569868,-0.0520181437709602,0.4113755635158369,-0.5614366711579898,-0.0830295506481847,1.305334020318506,-1.250092804262937,-0.3882508294484587,-0.042070150112183,0.60260141488747,-0.7477794676508248,0.6248115829607765,0.6912123657468257,-0.1943616624333265,0.8489926408648123,-0.2359179216109469,-0.4495985937373709,-0.5862842713969035,-0.4782896349128028,0.2966233473648915,0.0949309686469074,0.2309826327217754,0.0778766594221385,-0.6160180892838033,-0.1284067232324239,-0.1034688321950399,0.6967938014992294,0.2041091467333223,-1.0448950293757706,1.6061823713703998,-0.0558149254055996,0.4271112050605096,0.6692580138261232,-0.4095851466937201,0.1119647223484457,0.8483335220828941,0.8345694455069519,-0.0010026103270204337,0.2094232630964779,-0.44556289916380315
-2.126732481562204,-0.5414355033302647,0.4082264724494703,2.419702669361916,0.3795846354171394,-1.5674294627930514,0.1129362429940102,1.64330676200606,-0.1226295898769601,-0.0071367039037468,0.481154139478356,-1.2880548223265489,-0.8983960246334847,-0.3726377669459311,0.7507491327655547,-1.416123957598609,0.7702090098147802,0.0297988685430089,0.7844442062300517,-1.3866674075289374,-2.3224413370374277,1.671515213751612,-0.675411049897432,-0.4371166901458095,-1.4553294753516566,1.0893266723376056,0.718181828943367,0.6428941017761642,2.7253682768934397,-0.2837581111349752,0.6707150720095979,1.5451679479200888,-0.8858969420974464,0.6103002391196332,-0.3419575857523033,-1.2207152920116344,-0.6471567017365254,0.4488636865693954,-0.4670609275470588,0.3367861918663775,-0.310741579675811,-0.03129438920927788,0.2084770416019181
-1.055893462004073,0.3746463912300997,-1.428766641163764,0.7395954782393883,-0.5510330688158847,0.4301669901567267,1.1806804645228426,-0.2655628734251529,-0.5535725859052439,-0.8981821248313449,-0.4289481659673767,0.1530720134878636,-0.5108156766434089,-1.7813832159883876,-0.7755611259071183,-0.5450324631779916,-0.0898551058729996,0.5559324585257742,-0.0186881659503521,-0.3290739703605302,-0.2932808431728983,-0.5143859114524111,0.1124348536042157,-0.9212903431964612,-0.1461393975780809,-0.0579010288397629,-0.3348196152253679,0.0489222371778528,0.2430923065353437,0.1489776653088874,-0.4093002066214621,0.5029069107460478,0.3509361192484505,-0.3561564583991561,-0.0858361423388581,0.7731049984547378,-0.3598440532409672,0.6630590233648738,0.2820771501784588,-0.0660507328883951,0.48972997372620464,0.4424834790094816,-0.891166444187341
-1.5324089797792186,-1.0257339478462495,1.4974493049577242,0.0114595168639575,-0.4576775099716133,1.1080239957434868,-0.5614366711579898,-0.7711403624057772,-0.4866082444024018,-1.0356736747345625,-0.2473724169140435,-1.004267328115327,-0.5543185381916605,-0.511278909107417,3.774731176499685,-0.3916547104721407,1.0423940537359848,0.0500957408493627,-0.5044383111414753,-0.0741869762081388,1.1313021454910124,-0.2005371446737551,-0.558565268611054,-0.0414586419187903,-0.7827590107720672,-0.3615476350596219,-0.4364351735522817,0.0069973300712082,1.7709083805667911,-0.5610887827900608,0.0491477910442054,2.512141360973726,-0.546078113691509,-0.6424422481573397,-0.8312689637143552,-0.6772656417750543,-0.2311390895796106,-0.4978903117088177,0.4736833877102335,-1.1478090601065007,-1.2781126786734738,-1.0471458154721192,1.3950892276688134
-0.7453046236311136,1.261620750797052,0.3107273637656665,-0.2975053223979874,-0.4455481997407436,0.0350050233731406,0.2907927685059713,-0.0451086967201193,1.1742896722999796,0.0472063861843165,-0.8322870043492188,-0.1952067501786331,0.7141655262059264,0.1131153517737091,-0.3091325894503521,0.2917610715780558,0.3110941812754764,1.2210911854592614,-0.754372337165971,0.639425921664519,-0.8095299817277746,-0.3151360567785405,0.0984548601416834,-0.0390083964777282,0.2790117783831453,-0.2721508346677119,0.5791178144930884,0.0821923886929499,-0.4597624803786183,0.4119725480439088,0.4686854149766088,0.4277175078230975,0.183306047293932,-0.2765542578137056,0.4428213234378549,-0.8893191104310523,2.3007394920889985,-0.0340468012917914,0.1902519447094177,-0.4714009785648051,-0.1270602950939871,-0.36168702874487313,-1.0572255346699224
-0.3834426133910573,0.0801931491332984,0.0102162412387684,-1.5243435910459062,-0.4942725354662328,-0.5537936544772608,-0.5614366711579898,0.2976227477565268,-0.1954588370695779,0.6685874001429942,0.3253825048731096,0.3471334424426613,-0.5089833225494118,0.6885372518269212,0.9102029726611508,0.0536479414356538,-1.1718632943894784,-1.2827362063616332,-1.0067782277035933,0.7139571424840967,-1.3512638393709282,-0.1856079948378632,-1.2473825385582638,0.2998549500676528,-0.601843732564043,0.3625085747805645,0.8249264549416683,0.5490964848342967,0.5913484972149202,-0.9865814540434048,1.1120903532348252,1.0314997462766489,-1.6289142479625327,0.5842461475998383,0.1647401939435923,-0.5972764083893474,0.4738885976301646,0.2792686308178059,-0.4420712108476521,0.6945882250895249,0.28222530564277865,0.00920292838766075,-0.25901872411037036
-0.7500295340074562,0.1962880488870973,-0.0008557505862669,-0.6302326522505275,-1.9019827960171904,-0.188977687227213,-0.5614366711579898,-0.2750835881364363,2.174837498860733,0.7500722727282442,-0.2183969421457182,-0.3653595361048146,-0.8662952735519006,0.2590944808550104,1.2671550952149802,-0.7737330650452021,-0.9448582072448228,0.3553596178157128,-0.4470664576791034,1.4732633519346656,0.6274766619688668,-0.8757564025036834,0.2090104917404545,0.0629357024208915,-0.109244543178817,-0.5638780515783678,-2.1306580326467657,-1.2671022486395742,0.6515545802271852,2.007208709570738,-1.5164096856294276,-0.6865805390767387,-0.2158710219719508,-0.964713405714582,-0.0694620638581684,0.5814977644740724,-1.2807503622091003,-1.3162226667928962,-0.4230182568468746,-0.7305289617008255,0.3507391178024042,0.3221944252353451,-0.013792415964541374
0.4638436551690419,0.404981458952084,-0.3076947241032804,-0.6412537532205558,0.9609448434196136,0.3679267212934967,-0.5614366711579898,0.8031202423777082,1.0334206283435423,-1.221792324536746,-0.3605278556861055,0.9588471117948636,0.867491242716891,0.1070685062366372,0.1240900651036413,0.593936966384316,-1.3388939904412185,0.872168577266164,0.849265522542039,-0.2143083142857612,-0.2200267144208461,0.8910900425163627,1.4893934515803091,-0.2819633220192983,-0.0516863594177406,0.2453891957970649,-0.1271467508353808,-0.1320506350266747,-0.360780563537847,0.618090938034878,0.3870653152285261,-1.0826319423354407,1.1869447408536424,-0.3470874550252881,-0.7764391656489797,0.3287178350382665,1.2406745008275666,-1.2128788902019874,1.3974695747197068,-0.1191274844648836,0.16728607870515036,0.13227355580949704,-0.5668471853617545
0.6406636460755447,-1.0927844862206246,0.794300748146756,1.295665547514899,-3.186008358440006,0.1373643951113884,0.3623097283078809,1.4140705569478902,-0.8120707401841024,2.3325198023247524,0.135433032265569,0.6097296300388291,0.0262175627845041,5.151114084170104,-0.6805081962158582,-2.0432956256661563,0.1848843953019584,-2.799605691829409,1.0559921065428,-1.811483812650797,-2.104317049602007,2.525388805723954,-0.439396588760659,-0.0513752251868235,-0.8181322856229399,1.8357784905583148,0.3325936204753352,3.33405149758988,-1.1485368221884604,0.4991805667032628,-0.7831598025606059,1.986452846678872,-0.0090262578683484,2.728575477780616,-1.6341915518887455,0.8754832434429831,-1.2807503622091003,-0.1429104806694707,0.512841516249316,0.4228558301480958,0.11859960545819363,0.769162677699907,3.0142221678019934
1.20685793770962,0.3906653427731022,-1.2631476314314465,-0.7326244325076048,0.3102822176549609,-2.19205407256828,-0.5614366711579898,-1.3359738224030733,-1.26542488271899,-0.9836452421064996,1.2002035637690365,0.6016957479725853,-0.7885341334411532,0.9524677799897792,-0.5487855969242362,-1.4163231402384862,-1.119702407215745,0.9895104096903832,1.3675534907950753,0.6205192994532186,1.5227162184117575,-1.4109734606081066,0.251541949997744,-0.8261456305284048,-0.9720994203736104,1.2595624915213492,0.2692568028191496,-0.3590300815471331,0.1922890981961731,-0.4229169971564145,0.6843391768301132,-1.0594908187488816,0.7980980311876316,-0.7574305317778859,0.0178030794838336,-0.052128126122109,0.6827254047284778,-2.178100318999308,0.3496809403857843,0.8151442786865909,0.1182579663884642,0.4036858275839736,-0.2726526157952704
0.4659301402685248,0.2979284581851112,-0.4095863149872251,0.1674529478054193,-0.2092257466170184,-0.0244467864342464,1.0348351791083052,-0.6616687488272507,-0.4850805043480432,-1.1106666752279424,-0.999053232446498,-0.0348902617647868,0.4081102519575882,-0.4866486944941502,-1.1110660475715604,-0.8057545921065589,1.3466213730678007,1.0461885536293811,0.5099255639229237,-0.0446775639790054,-0.3930599049501178,0.3879013730362802,0.6518868796871461,-0.3735615546148473,0.914258053794732,0.7676197734165229,-0.276859811756704,1.4957265629544088,-0.1038432762251254,-0.9458795302372032,-0.6649354876655765,-0.5818197430814023,1.7784699328065188,0.2236240263487864,0.1535546418084981,0.200026488885892,-0.4369398126021862,-0.0985011359842505,1.160474880433798,0.0296281688332437,-0.5494063428986498,-0.5422000093214903,1.1764027368286747
1.5002749936296076,-0.5890022377870354,0.3968910845215906,-0.5445625867685351,0.1132377726787256,1.0630554119462696,-0.5614366711579898,0.1817114270926277,-1.6298459088974695,0.2134886086869803,0.4284199082477106,-1.5349025889125665,-0.775904087009907,-0.6616962296598017,0.7040461755345649,3.627499222125577,-0.3832347414432505,-0.7472441531397909,-0.7192805160432466,0.3519340761970532,-0.9706623971483394,-2.101003839998979,-0.4943029739767138,0.6136938500486999,-0.7892661084134186,0.8891063704118217,-1.0784533937776877,1.2401550681702778,-0.566356498108138,1.6141909426616856,-0.3566716122921522,-0.4843475416523757,0.5992672235546711,-0.3005492024622977,1.780387595869726,0.8772190428206955,-0.5294339800660294,-1.910133311967036,0.9002233321528924,-1.132112543998116,0.9527144054812001,0.9339745910954057,0.12585909792547909
-0.193768581229571,0.8851999662944089,-0.6213449578076429,-0.1499867515137102,0.814802508783379,-0.1050748484272479,0.148327220334829,0.549300440289372,0.5326374782316537,-0.3727233598743069,-0.5265586077037985,0.7258233659758582,-0.4740226569020951,0.2323668847400629,0.1967210842857812,0.4775946972532409,0.4100786147586522,0.3213700497821522,-0.5427892590600172,-0.3963365229687489,0.5407772021876462,0.4112022064648584,0.2908880593770653,0.1300959661225437,-0.0428525653736542,0.1300348804570971,0.6079959992668948,0.3956522751254803,0.8309177550166202,-0.6101140128190115,0.0285168547321202,0.9410512174418978,-0.7692922777107498,-0.0661655844329175,-0.1250377312380956,-1.100182045623645,0.863707383460428,1.3054975038191217,-0.4203132752518687,0.9062859840612832,0.03329840946892443,-0.12355107888970443,-0.8656391115256316
-0.5347359048385889,-0.2174646802681159,-0.5646991785348949,1.3621361075128329,-1.5440968099712766,0.6033355549661766,-0.5614366711579898,2.273629824340026,-0.8487304433960685,-0.0536832172179087,-0.1303651621093,0.5919245914330445,-1.083341202906792,-4.231154060025324,-1.0254288705635777,-0.0661689616914805,-1.2814102476513558,-2.114162777719105,-0.190138738591109,0.7583590234597338,-0.8829005198581946,-1.4604438027066855,-1.6895216052823747,-0.1384780576778039,0.1762501136897987,0.635823228253369,0.3437770220754264,-0.2990536301741568,-0.2697031143236492,2.728105531717852,0.3880949362840619,-1.1805415031221642,-0.4632571379775554,-0.8627653206770499,-0.9786618082366312,2.20858150348431,-0.0477144642617307,0.9139245898445564,-0.452787479102712,-0.3713882827301693,0.6158536057941326,0.12470001249356931,-0.24703825301609847
-1.2062207656334871,0.7184202163652145,0.4721439854973585,-0.7489756160202001,0.0880645488942359,0.300980312599196,-0.5614366711579898,0.2678390487417111,0.8865731426091918,-1.1522206700964464,-1.1896147524620506,0.7807812360319375,0.3321057229485594,0.7142600992997442,1.069669688946878,-0.0810608664858503,0.9354944817295268,1.5548843566640598,-0.8646728723433055,1.1742408873108492,-0.8282988453863093,0.4200816567721857,0.1087492897990312,-0.4566261705015351,1.4067085676860345,0.1414253017448023,0.3841506972874948,0.4847476956534651,1.98679928798983,-1.388148178724593,0.9334940924847952,0.2229143168534532,0.6106939674767079,0.3250163940762852,-0.802985628207432,-1.1263349010284645,0.9677629065043114,-0.104267844567196,-0.182883045427182,0.7790343139079816,0.048851523588176606,-0.18119165264918427,-1.0592204938285408
0.2316209504733628,1.080373265906185,0.272951005108426,-0.2460377140602436,-0.1374520043139251,0.0312498486255482,2.3412348261305342,-0.3073773196897278,0.4226367506197193,0.5739114235171104,-0.6954864378610534,1.297819580789976,-0.1352376271570326,-0.6220724802000984,0.2949671197326966,0.2124771878730224,-0.362498473186689,0.4843069023683004,-0.3900100876772883,0.1989844038840879,0.1705677574293974,-1.5903461745295695,0.0744438397653603,-1.2892900996052463,0.5409318621803412,0.2313951237172981,1.4762603672474175,0.2757597648839635,-0.2315386636019902,-0.823343182726473,0.2104242566148117,-0.8657665684893749,0.7132565385114236,-0.2144871389444708,1.0515648188170417,0.5693491685456181,-0.2919890270318026,0.5535808546288747,1.536879316201444,1.162771701241939,0.08215061525440659,-0.05068069149498614,-0.7472901950847449
-1.693093356024982,-0.941040207474702,2.5611913995737,-1.024439775109409,1.479673469173646,2.9324412596314327,1.06126864668614,1.307780901964407,1.0850706969053725,-0.3465490267585465,0.0024342049318163,1.1312527854941523,-1.2197496034553827,4.718366854015346,-1.135080337135675,3.326802686426101,0.1926542500869142,-1.1648408239820152,0.2148550989434405,2.1568189980261443,0.1938219011910497,0.965766745719432,0.6436669501184087,2.253202691149372,0.7612463190427409,-0.7384227044725394,0.1352532103384174,1.4547025515248888,0.1380172397846276,-0.0353213486004574,-0.8265678789029431,0.0747204767731377,-0.4747089663907196,-0.0750737675069071,-1.091079316934466,0.2802810579771356,-0.7798694980131144,0.7891308957346832,-0.3231362581088116,1.123245076374376,0.33045846941293316,0.6677991995160854,0.19747701996571046
-0.1525890992402996,-1.6917972098405996,0.0101259590279747,0.8961896548047016,-0.1154033352625393,1.359484288524768,-0.5614366711579898,0.3192138719558842,0.7844535521822086,-1.2252909974090054,-1.3728024573699973,-0.5632244873234113,-0.8312689014177843,-0.8678220393943802,1.0287556969671423,0.4518264341986145,1.061181677730488,-0.6917304520018618,-0.5904849312441932,0.8109495103837983,-0.3514211955729687,0.508124132858452,0.5488381700199357,0.3944300859206783,-0.5125557015188027,0.3487787556310491,-0.3959687332375818,0.8007324661828586,-0.1525204889082802,0.0436108177484813,-0.0442733861131563,0.9862873420047144,-0.5294142988417863,3.302279186371043,0.9611121744733178,-1.640168891726769,-1.2807503622091003,0.1654430206910292,0.476222947171976,0.9589822881393186,-0.29614092185493385,-0.0258934667470406,0.9012658774545308
1.227472302828954,0.9704822073756032,-0.0903711165338195,0.0213938817232117,-1.587961946522857,1.5021862264526162,-0.5614366711579898,-2.3111313233284387,1.6114397248995438,-0.8104559017094504,-1.9848596390372648,-2.629653364819857,2.2953923061143477,0.4128840425898654,1.3449980755534303,-0.0630408038647682,0.9282803593762556,-0.6442036420740711,-1.1929658126694958,-3.757274052088144,-0.9629501748939332,-1.0130271350229505,1.3557436303740604,-0.1877579748086579,1.348969691616819,-2.82664113762619,-0.958475612442931,-2.0526403377983797,-1.0973485405513272,-1.0171965149989468,-3.996569335149374,-0.1567421177406762,-0.1482280791860891,0.0698459522985909,1.2900878961083004,-0.7769659421110493,-0.8055780225353254,-0.6273751433557648,1.4889845577491936,-2.8877913927693166,-0.6628303035339033,-0.47596514983121685,-0.48389495196657745
0.61693388440769,-1.8536506119494,0.8235726355392767,2.3869435273034094,-0.880701492418975,0.0279567192709607,-0.5614366711579898,-2.25797510035825,-2.928534574499466,0.343403945590291,-0.7314238200158915,1.133484490253131,-2.0288340370181155,-0.7285877795418236,-0.2284621582428139,0.0112069355482265,-0.0060859784461927,-1.213355291663465,-1.1639434883090116,-0.3809874511552006,-0.6306857048508403,1.4249298947483886,-2.028958772343684,1.0223907242999464,-1.1755286963901197,0.3867344516776771,0.4549740505137384,1.0884039126862433,-1.8992366039054516,-2.2918319846302104,-0.6290332679254091,0.4903699861995956,-1.396141684828842,1.14867227883502,0.1461678035911506,-0.4093282056785417,-0.3429028719747016,0.929236755773369,-0.7491389812854908,-0.5856858480315695,-0.10534705517553802,-0.4965998233018168,1.4993798440295003
-0.0248931894258085,-0.1487606512015021,-0.6253792937991649,0.4308465194069522,0.0742666859029171,1.2281939704313054,1.0606711489403151,1.176491663870959,0.3992083885163872,-0.273342905869939,-0.5329837042650583,-0.1541588544469024,0.1498238731992699,0.016120533912007,0.26012591099747,0.8355352379596794,0.1048343514119758,0.9154133231059284,-0.5266166390062905,-0.9851931262498782,0.1365475111161837,-0.2974310829830546,1.6040540336554308,-0.2336022760313049,0.9893173788696424,-0.1168651662592032,-0.4591036578261326,-0.2126577465540937,-1.302014472191213,0.5155556195645911,-1.1067529039900037,0.5048053349940772,2.398490157228965,-1.287775985871804,0.0949400001324716,-0.7523006056336611,1.9594604863682763,0.5886197957479963,0.3159380162447905,-1.699421902101507,-0.17443482851277772,-0.14886735163182502,0.027782228576224397
-1.4497974139484184,-0.6394328777777614,0.3621092905213821,0.5010802188317849,-0.127957898079528,-0.5999762066154124,-0.5614366711579898,0.2323120611326691,-0.0901645563210599,-1.1008263528966409,-0.0340347574301668,1.5794451747208142,0.5987462154745119,1.0351436109010306,0.2058431796910057,0.999028944802093,-0.3684404802091536,0.0673125128067795,-0.1063962645896383,0.9057430471097632,-0.0750694950097607,-0.9346069260848584,-2.5638702611327715,0.0392210919850529,-0.3703321739629276,0.4851767293370946,1.7661292065967271,0.0991819282599782,-0.1949700217709087,0.424987058008402,1.1609790025205398,0.0907951694169366,-1.0550003139971915,-0.3061300385408887,-0.4585710661573935,0.2644125672632153,-0.734510672739827,0.1443184084774376,0.2888444789328858,0.599425752870166,0.11627084004395473,-0.17452507988297083,-0.3564524998967484
0.6402936607166106,0.6699661271788256,-0.9017548845362257,-1.5126959156020798,0.3092936634004783,-1.1586109975022485,-0.5614366711579898,0.4600695852500415,-0.5511611274044494,-0.9796510653675116,1.2454430657606184,0.6393879633765142,0.3252755392162067,0.97332377947651,-1.592347177923099,0.1188571187722788,0.2227336179124307,0.1743668737548269,1.1559237603323749,0.630229181405117,0.2652922888624501,0.8754579107658162,0.8210696238356647,-1.397271529808012,-0.9335708411354148,1.3542587777150852,0.9211488506042608,-0.4592529798135623,-0.4181885294636959,-1.652841670484598,1.4495270607009216,-0.0864482888421238,0.7317319963890195,-0.6473774916639525,1.0982804064956988,-0.4241676524119323,1.6900417147167732,-0.8798217634235297,0.7253184580435552,0.5375619226957706,-0.4824671263997264,-0.36617246458791897,0.039793605350384065
-0.9414348841841086,-0.2030245831564065,0.895343539241044,-0.3752024095014776,0.4002664216697989,-0.445191169511527,-0.5614366711579898,0.1845332370217015,1.1743950230342683,0.6970069155986762,0.6198827499738354,0.6631815341096255,-0.5244541437316296,0.8386917207066393,0.707381274005867,-0.3025515281310037,-1.1306798416466386,0.1524420581513636,-0.1565058258798541,0.3941869929849226,2.253069426171913,-0.5975071589309021,-0.3116087762867145,0.5184335294860523,-0.8083621128922238,0.052375859454377,-3.0714749588684285,-1.169460225788122,-0.1830455134232348,-0.5024823609912419,0.2772212502188563,0.0955905858395204,-1.442257287834813,-0.7921276034107002,-1.2238656564557406,0.5649088311357122,-0.6372998902487089,-1.490169824608908,-0.6200198156449417,0.9656556707732096,0.5752982341060002,0.3577885315527953,-0.641268390781123
-0.5564836177946987,-1.2527898244373434,-0.1449953011223369,-0.1800466505083336,1.1100071291444198,0.4186139663600192,0.0826132587659071,0.3573434679459862,-0.3567489599686076,0.8280871072994737,0.6204597930282747,0.6148815373890787,-0.3284620850411541,-0.4743147669917292,-0.974530257902712,-0.8125939494856145,-1.1377558300609345,-0.4912070809191178,0.1414699570621176,1.3556614663869038,0.0098133213566937,0.227477960585046,-0.7494073786794663,0.7577841524334359,-0.8620927510460995,0.6876424875781554,0.8058334997170056,0.9389802594928114,0.3086591118950434,-0.3557070428170438,0.5697490127890585,-1.0585810370574076,-0.8670887285539641,-0.3355036130210699,-0.0473897020733916,-0.0547678116813741,-0.6727986830446399,0.1336492745024141,-0.1156981091141902,0.0830943659333964,0.5240890887593505,0.5562638825509125,-0.15227779458999735
-0.1196045924393946,-0.6326319144022895,0.7180324480791422,0.5891001210284211,-1.3094415431990467,0.1343618439675143,-0.5614366711579898,-0.3191811614148779,0.8724702639189366,-0.7939594336534008,-0.2095011212564383,-0.9336807992873986,-0.7683152011818482,0.0515792557149152,0.6012490654922612,0.2133050358619037,-0.3169614344573384,0.1777159745399809,-1.2269452480293677,-0.0155272534016209,-0.851719007581357,-1.3692920376148672,-0.1133901607944676,1.1232823585545706,-0.1954540540848595,-0.6000315480450553,0.8101334990018766,0.1276789284141399,0.1618579944075462,0.6035585302741644,-0.4334206751055967,-0.0704552393592388,0.2950284111526348,-0.8817377142767605,-1.538584384585156,0.627375202565893,-0.3498544322494571,-0.5225165373247627,-0.756117931935684,-0.9877339539183496,-0.014014543305358538,-0.15357545984962068,-0.00016393983786795147
1.131877898900974,-0.3906451680399296,0.6135477875183014,-0.1768743657595791,0.958024940495974,-0.3537353876239062,0.2748617115503338,0.7833431980061355,-0.2281783557659278,-0.8099079002094678,-0.210559478956621,1.132692687147821,-2.1858357628383467,0.516049359815622,-0.1566340722497121,0.7244904740066884,-0.2951078308881979,-2.1418205182709333,0.3305664806106351,0.3380193636467703,-0.9344932333543232,0.5405186719378693,-0.8126972930507785,1.005100300825752,-1.1551832263416852,0.0004554610661435,-1.296243441187498,0.4453280811900413,0.3578653391764949,0.0379272802569626,0.2257693232967277,0.8326954467592227,-1.144405019364642,0.4722219165219722,-0.2525289919937573,-0.9724635225679844,1.6419052972436128,0.675137905192575,-0.9194679878911308,0.681739612510966,-0.019453753900757424,-0.026996389269040855,-0.6018645694644983
0.5369257789434514,0.566929306830908,-0.4712765431914014,-1.5606621554281106,-0.2045985120379438,-2.359387808444468,-0.5614366711579898,0.8586593889271211,-0.1966782641716914,-0.1200879109361337,1.2143850597150665,0.3242475771824256,-0.2177542007439062,-0.1660510863159581,-1.2886573277636677,-0.8805253885461385,-0.4184790108654691,0.7216906247666044,2.747330712946004,0.031732892877598,1.037186853827193,1.1946944686205632,0.1978801557263059,-2.803687964541969,0.0992464081393234,1.042704150843241,0.4693668762062741,-0.5504510043321919,0.4563081798646922,0.214367240224537,0.487046964378528,-0.7046550745018387,0.6840027557442595,-0.2327984507226513,-0.1562696160225071,1.5701363366150305,0.8919253768036728,-2.1314056763497,1.941906911836472,1.076138678171754,-0.1033391718088554,0.15308062791388777,0.13663126263119116
0.3971668055507857,0.8429781137491413,0.8694336046005683,-0.1698787286657714,-0.2658645941073949,1.0910135949516764,1.2112712340008236,-0.1162226548197441,0.6239320207243172,0.0407641121491118,-0.7580230292273983,0.8887908227718406,-0.2395505996979097,0.1110720012724027,1.999882331576452,-1.369583784838514,-0.4781160185476707,-1.59292085133915,-0.3920122088840619,0.6540906845777157,-0.1555090758789827,-1.4831066139898732,-0.1860254267519306,-0.193544205574598,-0.5791616678941651,-0.7293333223566513,-0.8834362770160599,-1.4512024276966882,-0.3182465787780794,1.1108189194111855,-0.2590852633417301,-0.9693520041546628,-0.520226887005225,0.0938855936980843,-0.1343014706092672,0.1513166866645578,-0.141030196671819,-1.07327982435728,-0.2177932582969644,-0.17052713107193,0.3763624706820375,0.045897629907848625,-0.48991064520942296
1.0323025901101703,-1.2205109877936675,0.8499343149705452,1.7828258316819847,1.748047617129305,1.2137616423327495,-0.5614366711579898,-0.7954401658796486,-0.2070095180562991,-0.9166564398242076,1.0357008019799203,1.3872951699783749,-0.5981915551066994,0.4620464257940101,-1.086725449620167,3.514293647883793,0.3562088589188672,-0.8069092128983331,-0.9228066829534348,0.3222406327422505,0.1838845886165389,0.8413941114543437,-1.079244293203975,1.434496742841322,-2.205711010403566,0.3123084944913116,1.162535807428582,0.8563692359331033,-0.0219275244659098,0.9286122807775888,-0.70059022521611,-2.877410867215678,-1.099381718213736,0.5634865775760903,-0.4281460089960235,3.664716457414197,-0.9700480707839204,-0.7642507305312141,-0.4468331210495809,0.471408472631773,-1.0146953916432278,0.4777762632925676,0.9220549982912685
1.482693377272014,1.0560441795582227,0.1401176262563432,-0.8245913868926504,0.0214240383861098,0.6828449632739687,0.7925709982123723,0.375497935899536,1.5441858494335825,0.9909145049502156,-0.7317952432110029,0.7410959043802023,1.3879139331859416,-0.1984526899728134,-0.3294052328296505,0.2911293496533559,-0.1043198705764676,0.2653681230668966,-0.9694141612225424,-0.8687402498218736,-0.9898532128111608,0.1194439899280315,1.178465854019259,-0.740383084009782,0.6339553671397034,0.0681269345677273,0.3909365996740927,-0.1266695904988842,-0.102378123894771,-0.875620888016061,0.4464336767210519,0.4908206078634204,0.6360154559162279,-0.2953854732229526,1.2209845483342574,-1.3393845979590524,-0.5650038836423185,0.2252312294346653,1.637360480016793,0.00724680709878,-0.06796936496895398,-0.20078799875342457,-0.06681810669049078
0.5325311975222072,0.6528574326474156,-0.2975212359848833,-1.49542266010728,0.3906817644999366,0.073378310149153,-0.5614366711579898,-0.5570086721978894,-0.301099160099785,-0.1483785337360947,-1.0873768855106307,0.2836931341949689,1.849345618187094,-0.7699557250336148,-0.6261743751856043,0.3058379672792861,0.8935663589674816,0.3827489448793401,-0.1310908874688841,-0.4229710946609221,-0.7342835108580551,-1.2058573153106595,1.1321166604187685,-0.4761411516823701,-0.0940775126272126,-0.0276375927076402,-0.7061635523470625,0.184922279181472,0.1078780306788979,1.529494817881681,-0.5075630496889045,-0.576251029890208,0.6042371664669565,-0.0215977778206895,0.4962416642657077,0.3983464677043505,-0.7922760714880043,0.2193903003892973,0.1547804940805576,0.2850716635990911,0.16747212005681864,0.16646738760891677,-0.352066659331331
-0.3043985257963797,-0.5522106734561649,-0.3612739612882189,0.2613148123165005,0.7781364216426432,0.7606384824005881,-0.5614366711579898,-0.0266314194161261,1.153392681422616,0.8717382882981671,0.3376283466941301,0.3265821056591365,-0.3821266779692744,-0.9989144221267788,0.0861382055173131,0.5280140531792568,-1.2761682007683002,-0.1563842456686757,1.0041762077131329,0.1585990357504706,1.9120985272797373,-0.9418172921699074,-0.0268931108247439,0.2149453612869076,-0.0623123825030481,-0.2994061683936852,-2.116257426536206,-0.675842654805302,0.3605342575797366,-0.8580202440496021,1.1950283389753376,-0.7040486794745073,0.1947382733727141,-1.904321882313765,1.9739767112229527,-0.4198702372401276,0.0417470446898317,-0.148403161750899,-0.538697874570239,0.3450964522769787,0.6416681924511616,0.525871806783576,-0.7283055453048434
0.7456458926417401,0.6475541128112796,-1.1503335187073742,-0.242105179805876,-0.8169782723762374,1.7113320565472168,0.6310063168188208,0.1274045353513769,1.117319989957338,-0.3764869012531373,-1.3389865630374018,-1.9265393684203764,1.2455148976352337,0.3732634194387859,0.277247195587292,-0.5287416631841119,0.7637508390680131,0.93620720089681,0.2867471873437565,-1.48217224224116,-0.0936259934943782,-0.4413833135807598,1.1783339744765096,-0.0528128510374905,0.4480544182426454,-1.1918868529074431,-0.0442632975231593,-0.5052790897869537,-0.0975312257619721,0.0070500614494505,-1.813406385046725,-0.6082808073023251,1.6619438498792811,-0.5950238526313552,0.1214097374286617,-0.4114385522193533,0.7161890901211976,-0.6442131497055927,0.1349112450615246,-0.3304645839055362,-0.5548909420987546,-0.47149081602770115,-1.3010958824995882
0.0753011297280003,0.1475918574581564,-0.8748921368342831,-0.6129195464854985,1.7555219807217302,0.4046503166806188,0.9793358895670892,0.9322563065401032,0.7160887762138515,-1.321685598239014,-0.653858489293029,0.2793297796940725,0.5839178878015899,0.4025045824880666,-0.7860701530815272,0.8524232532871129,0.931800376845409,0.7738894134730706,-0.2925027498857852,-0.0769781196028637,-0.2859688495483511,0.9792844587897264,0.585694182570038,0.1169369338948584,0.3765034486058296,-0.0821445183036936,0.5494041123387409,0.4038543869589675,-0.1854353806286242,-0.7739291555916461,-0.2123554623505592,-0.5396971373416635,-0.3676039122420924,-0.6069224601912321,0.0989449884071564,-0.305620126431019,0.0231293747607556,1.0228132470080395,-1.6906817562970466,-0.2360729962216499,-0.037567794327034054,-0.2502434908179284,-1.7165682105761586
-0.9317839611674872,-2.2877917021671674,1.2624119893112178,1.323359101461997,1.4518380433092049,0.743200728123718,0.9658154151979312,-0.1076269135831832,1.1619521918590685,1.2504788279512558,-1.2092160996430947,0.8819220838984008,-0.9980259373124066,0.7766896051931398,0.5817950499238953,-2.273799654024016,1.6086514914821477,-0.9073186040053486,-3.8832061954537194,-2.371508176596852,1.7141289278342513,-2.1888644086349998,-1.6024435048341863,1.688212629585038,1.5722743050068246,-2.3375334815083573,-1.2290394813270271,-3.212070996085722,-0.6731329197536444,-1.7526794954739675,-2.718783384387116,0.5702085657048461,-1.6298474570791412,-1.2548783914553787,-0.282804616707296,0.6049244565092833,-0.4734245785956705,1.1603827904492372,0.2339301637116527,-1.8241158176828227,0.6379199207531636,0.36129114892921577,0.0728032129369721
-0.0794949863050069,0.0794746968049872,1.2919505692449835,0.7797263642161351,0.1634689212117881,1.8352778704888135,0.1738329163448516,0.4509357226407467,1.240001108992783,0.9267454225612206,-1.1080205241229166,0.6122090698903143,-0.2658254520075326,-0.5383881590613854,-1.4164610842120966,-0.4437703748861294,0.520575983386895,-0.105824791904816,-2.183220941560041,-0.4042605006764622,-0.5585953850548391,-0.7708811209854846,-0.1109202384708837,1.07477748649094,0.1982521952715412,-1.4822748034918511,-1.271241689019437,-0.3819346856586597,0.8846129644807714,0.92256508173767,-0.8601982372806711,0.1601852628169482,-0.5239753185133862,0.0891575525816484,-0.2356535119947851,-0.6454042377704157,0.735726231314125,0.7590610116217871,0.5819543742663895,-0.5669852249033023,0.4823290788985912,0.0953751239034418,0.08355183020448717
1.4825436553967524,-0.6627735095871695,-0.648619858773024,1.0711015263634311,1.644995267882051,1.173594762231284,-0.5614366711579898,1.7045997265751889,-1.8205878244184963,-1.1364206501042216,0.6025226141227472,2.155810991503943,-0.8135684042830162,0.2541500713281822,0.4495204483248772,-0.2117562906189214,0.3992488101319917,-1.042533139772027,0.0135433271485375,0.402150790742029,0.7704548435780993,1.3701586592889667,-0.0859975901157008,2.3300800943230544,0.4514161404734662,0.7495704592221705,0.2865176536753234,0.9570525535498692,-0.0575514151305471,-0.0291303658452739,0.3249340045127497,-1.0734778933926086,0.0086858631082357,1.294742489162019,-0.1855825262997443,0.7865661192395023,-0.3744628757056821,0.902807801014182,-0.2584830714863084,-1.2386889411939492,0.5990424650165512,0.7575328328407772,1.0191724420919352
-0.510386920984074,-0.9875998607633136,1.012535877684001,0.9438688761674268,0.0349899745329491,0.6007377493530552,-0.5614366711579898,0.2264827652850413,1.3093521177627006,-0.3726956191731321,0.5787391645599064,0.6763265076049608,-2.802037179265481,-1.9496808445668397,0.95727185022366,1.6177417236228828,-0.5428312470110637,-1.0041169062335946,-0.3795345193676293,-0.4816730798379692,-1.6351023816143706,0.4218564925834374,-1.7453336713569625,0.4278098476838057,0.6695534207124972,-0.5466547528411236,-0.773423176095904,0.5264700850582982,-0.393314275822598,0.6906998337014073,-0.1524804179537185,-0.633401216346418,-1.3719676621049757,0.2731070767365822,-1.044431833240515,1.3228570462130909,-1.2807503622091003,0.5619000669524048,-1.0295136821903272,-0.066855914275741,0.504122128753432,0.123489374720445,0.21079253043793925
-1.549591012751222,0.2094798913032249,0.6818237821716062,-0.6671897697481602,-0.1543003370848441,-1.1740693562838669,0.3529838459884094,-0.5021717717209957,-0.1115873395746733,-0.6277243467426614,0.2445433248939268,-0.3869409482301062,1.3670158518241,0.279735906197753,-0.1087538028448256,1.0100407836330954,0.0179399250686821,0.9495844593316092,-0.2701326254402204,1.1734666926180948,-0.9898500687280524,0.9559160354955863,-0.8164818595676361,-0.2308088739578304,-0.0538014729761677,-0.6549680000868136,0.2840059214535615,1.1168763964390462,-0.6452202850161135,1.719384975677103,1.0512609987265926,-0.6904494361660026,-0.2293947778946403,0.8306688722604567,0.5415278682694405,0.5947804081693646,-0.797375504088022,0.238537394111083,-0.3588670632048544,-0.9297779471476862,-0.24465584963218748,-0.5513301195551867,0.5036927870167519
1.414165309419226,2.081914129618967,-1.4568949021000523,-0.9345803442112972,1.7497737670887248,-0.0263524530007022,-0.5614366711579898,0.6445488080921995,-0.0532972676645588,-1.3417516748234684,-0.9124374832871796,-0.1238708557680626,1.1419473173857102,-0.5604026119970964,-1.2393498965419791,0.1350246731252748,-2.6023465442507154,1.85368194597914,1.038349316847889,-0.1700901392989942,-0.6454157982455674,1.4493784457844578,1.7472945179426267,-1.1315364562983845,1.0385217165970493,0.9617557260027012,0.9709973404677076,0.7738043001208489,-0.5288131024783842,-0.2976393098893692,0.6190714659108135,-1.0720486662324076,1.869439346070712,-0.4677227243075924,1.5104049737887966,-0.956967295066096,2.812001490295013,0.0919442508282078,-0.3496114246434805,1.4845677911713526,-1.198193458305349,-1.0710878709155605,-1.7815234649162843
0.8447667920983434,0.9958065507718764,-1.6494422763482466,0.433570656307747,-0.3424298638063365,-2.411286025904436,0.1234316557160407,-1.81856054829238,-1.2098678912733338,-0.2085042397162705,0.9189967719215776,-0.0408484804534631,-1.0835369615088588,0.2325483008914498,-1.8117530793504388,-0.1087108580092497,-0.2816320459373208,0.9846087531246188,0.488956190285563,1.544902642074363,1.2380436846176972,-0.623905999498101,0.0921843433175391,-1.086460072066071,0.0578320974502594,1.367287564535384,1.0436036576294272,-0.0792347253842245,-0.4405899916305905,-1.170431343678787,2.0655386699546607,-1.068525098145668,0.8561464871640367,0.3407161569021524,-0.0326344682699053,2.6119939079590475,0.3517828351863815,-2.0790665488587106,-0.0517160897257597,-0.1933391282383917,-0.18443024428129637,0.020732075977877972,0.1625607224772701
2.050804532810262,1.3698720859198388,1.3265596277698872,1.5053046273627944,-1.0461539884226891,0.8043265582093776,-0.5614366711579898,-0.1457719591290379,0.0690929249486328,0.5484953990770234,-0.4572688006327151,0.2777127275360397,-0.2953664255049428,1.0248081884942628,0.3705033631896764,1.3961242579663486,-1.5472178715385618,-1.502228125424292,0.3968346904916405,-0.7910257955825107,-1.6645764894683006,1.7361846725427683,0.1498652825268305,-0.1156363459903504,-0.2945007207705815,0.2538528308536546,0.5945410337777413,1.6258519779909038,-0.5507175772748041,0.3105377311867197,0.8335177033262394,0.948806282485252,0.4361542624451,1.234700649305191,0.384832710300781,-0.9127869998163174,1.0619821625278296,0.5785907348734668,-0.1940425736984619,-2.339332904796036,0.03887377555160408,0.016548234081557357,-0.2525419254376724
0.1753227711441097,-0.7523707101355309,-0.6645053081622221,-0.9387753338216244,-0.9786178867559004,-1.0650873021591998,-0.5614366711579898,-3.76857138205486,-2.318474804320389,0.2555839832244426,1.7831538163054932,-0.2924493639552327,0.2476861752144702,-1.9643629119948671,0.6388644602510076,-1.4953213691462963,-0.581826017503889,-0.2719328628464255,0.6339980771518154,-0.1903530088892932,0.8884122240393736,-0.8278254165544826,0.7853028167082577,-1.1246282388158892,-0.6094847961979593,0.7849790876201583,0.6062133168944434,-0.1010007399095894,2.1254626064947577,-0.5402784497120898,0.4634458241756997,0.3446762812842009,0.4252369973681585,0.6516729558740142,-2.0006434806628293,0.3655992941576843,-0.795163200762344,-1.5459544507269496,-0.3542524560355378,-0.5973677242601381,-0.14443460149663562,0.07462534592118333,1.869246801976543
-0.778857318813976,-0.9815540610110828,-0.1677905650732081,0.4105651442538283,-0.6235663506708435,-0.6506331884785573,-0.5614366711579898,0.2287072774689481,0.7381876966941776,0.5404778028283393,1.1332240320426177,-0.3932118444530691,0.5902847369664902,-0.4493904674551952,0.9106956832654334,2.210776690992032,-1.0949523634002036,-1.380279717864269,-0.3300874731405376,1.1752720059364223,-0.940360900039058,-0.2828448422664613,-0.6370706098106224,1.4748823537534876,0.6581752705242676,-0.072560133460401,-0.8373237330941963,-0.8314046124923258,-1.4122705799633153,0.9649308922954544,0.5881894934303287,-0.8573165855263675,-0.9757795817309036,-1.1342414402876089,0.1613678780469932,2.2179521515054432,-1.2807503622091003,-0.6764578361478523,-0.7015706360245234,1.3286468176043245,0.9002694923892387,0.5127230436431934,-0.24985617747912242
0.4910277059867028,0.0538653567975297,-1.2551702455206208,-0.9725158843474264,0.7755049592911872,-1.0995791111133597,-0.5614366711579898,-0.711381267976582,-0.295259687903335,-0.7136700167835215,-0.0214921842002971,1.7039589362292282,-0.1515773264112463,-0.8841470417466597,-1.1637689051059554,0.0596933319788472,0.3185044776298547,0.8362932410401867,1.3031856654350915,0.4904267092188344,1.215665991791466,0.2170962267032607,0.7758740923777037,-0.8112044831178867,0.6112241852195782,0.4974965575415167,0.4625111762032887,-0.2417285205834651,-1.0011047785407283,-0.4549120883125048,0.7028149475653457,-0.1232173321463224,0.5272789944956399,-2.016199735867476,0.2804769877157511,0.6295717063700368,0.821204704525269,-1.0119697199354412,0.4195553846991303,1.1941405840901826,-0.12367647058246403,-0.16118573590046387,-1.4759295299289972
-1.322248493563458,-1.3512445942966145,-0.9349085366294916,0.478173753452531,1.3915310495714377,-1.0266491002627511,-0.5614366711579898,1.296436359737494,0.4404450468161621,-1.8586434633423683,0.5512812950449979,1.4402601409653684,-1.1340513954159015,0.1318185094489468,-0.3463498216341159,-0.1206763671974854,0.6954842925023642,-0.8681455208474451,0.9686718023925208,1.4661150981660465,-0.0724423876949981,1.001186976494205,-1.7461040150069056,1.208843091174726,-0.4121178496745316,0.1410040512991798,1.6640316934528228,1.259186617242238,-0.6096132534437996,0.5677261740140898,-0.1484359692814669,-1.3164559325827867,-1.5162991278914528,-0.4495010516296263,-0.484219898593205,0.3189252832329982,-1.2807503622091003,1.3992037137141575,-1.1533154306337785,0.4887109834557757,1.0333249737166679,0.775668782980677,-0.8689386663033761
-1.085361578159083,-0.9915902253223834,1.223849903404724,1.0641205532725244,1.4507583817963274,1.5938217007042768,2.5716599942175478,0.991445678843266,1.7888014386592663,-0.2439968294332664,-1.7671957676690493,-0.6723847778464683,0.46701028465942,-0.6706856813447902,0.7654735217184269,2.030622434718602,1.122668937891761,-0.1402401688902416,-1.4994079424157525,-1.206865515562079,-0.207100181914452,0.0584883537728594,0.3686262560167698,1.6579544821061816,2.189911673731197,-2.0504740180390377,-1.6486966189775207,-0.2682829314227997,-1.9333010015752423,0.0062478515712658,-0.6229243112388277,2.2610381754344475,-0.712636386984708,-0.0394323536099378,-1.5397595207865822,-0.0885504723366094,-0.3509869680206044,1.928292021764052,0.1441836603773373,0.2164549464335858,0.038893877902385646,-0.22212325265347976,0.6350058606262758
1.418145023636315,0.7287074370421266,-0.048599419854338,0.0402007187415993,-0.314722851245458,-0.2380762178048191,-0.5614366711579898,-0.3385611892624759,-0.1728412957066525,-0.6998012606483607,-0.4582043154211104,0.2731564431361296,-0.4009173716909234,-0.2011863982640101,-0.2371206935216582,0.2625698419517892,-0.4227992228148914,-0.4980363478368458,-0.867488678316476,0.1629136412703834,-0.1288427975635453,0.1442596786003097,0.8637427735161215,-0.4714067604178524,-0.2385099649800462,-0.3274962753840523,0.1826490691266334,-0.6627096024753433,-0.2831807184944948,0.3411512651765951,0.0492956964796354,-0.8061732310025352,0.3169814025194183,0.1439220340195106,0.8115588292359511,-0.0904419386959046,2.322337975540564,0.2056507358603352,0.647485720070495,0.7178031939221657,0.160968107866849,0.0709353273567154,-1.2302931424124477
1.877224563445032,-0.2578194108993046,-0.1013722514255492,-0.2968787559186032,-0.3517206936899124,0.2429990758196649,1.8205751723278285,-1.774601587742335,-0.9933744502894288,-0.3096193729091339,-0.158633557782185,-1.2715772383757158,0.6113496828462458,0.7694640192043022,-0.4052638590136143,1.25378161532775,0.6205487210773747,0.2019238037801713,0.2308490858656282,1.105910740871063,-0.449025728827675,0.5071006046378524,2.6598999422721947,0.5000556543861044,-0.3206045020372828,0.7452659500916867,-0.2768110645709105,0.8616585812068545,-0.547378299768285,-0.5036194476533873,-0.6889400945462363,-0.309776862272593,2.577893270959692,0.7874645848803037,0.1138200604350465,1.4483221559696633,-0.237768159199763,-0.9401327920459772,2.5691274797304917,-0.3077196163704622,-1.5162727521626105,-0.7841678837966883,1.0093498345379939
0.2837507300504777,-0.3050570122183307,-0.4808172571542163,-0.657115326675105,-0.1558092673332546,0.8703391205224842,0.5464159965789933,-0.5418112136135317,1.4808777165406068,0.0031679801729536,-1.1859303446589748,-0.4356498499898421,0.2577344280790726,-1.076280715140739,2.68230142314943,0.7449934804096343,0.422057898054983,-0.1697906865441846,0.5273272081928578,1.3491034176210657,1.205985987379828,0.653988830078338,1.8528625725619283,-0.1603429302623974,0.6874060448413342,-0.58879709072442,-0.0614436795143627,0.6117841994671432,0.6115030758001365,0.4228128277227646,-2.122716552409616,1.8109383763191564,-0.1681499080072917,1.7371453531126229,0.4002663938312685,-0.2484734916369504,-0.6951246943188344,0.3431428049561708,0.3759701355323316,-0.0156697215364782,-1.167821218667347,-0.9392553600828126,0.16626568679403228
-1.013727726082923,-0.7481821838498705,0.1711142054765816,1.1252513178890746,0.1585842859369138,1.3206631873267791,-0.5614366711579898,-1.122806805064256,1.0070022144087014,1.2013576673315425,-0.7237218364190493,-0.6587462698987443,-0.9403918467806924,-0.7100108862644952,0.9797194165893716,1.830093865383516,-0.2140917549818929,-1.7782973794840171,-1.8170636376893303,0.8435517656075496,1.3460431803262105,-2.9574789019259624,-1.066114402026348,1.241287510309524,1.104551469602787,-2.0452171482663863,-2.255360858418165,-1.8864906875626932,-2.88050798902022,0.4481486199193138,0.3073172725879807,-1.883185386364146,-1.4900699829319228,-2.355629658936445,0.1427638491736991,0.4929515231830885,0.6864562047666781,0.3403766636785026,-1.6906817562970466,-1.074571048299101,0.3410740365111157,0.1900522869665291,0.3169422395507862
-1.385360562444229,-2.2877917021671674,1.5695547811857211,2.2046502762195006,-2.7797401923272944,2.2670411436192834,2.110035956493036,-0.0458845305758005,0.576863519663805,2.46899356387464,-0.8971466158596307,-0.3235127754188675,-0.4787699796749659,1.7231832047414533,1.814210994268923,-2.900590194974785,0.8087214435741402,0.1541176599929214,-2.6772820829858737,-1.399849988696454,3.6032083988633854,-2.4125037794257875,-2.129240730500649,1.9341835622748071,-0.2376679529998203,-1.9971621185234456,-0.9219668811744604,-3.849347292701914,-0.6035912716126974,1.1280467649743833,-3.17113713895295,3.328900611465848,-2.4378276290463243,0.6503685012087034,-0.3678948804053524,-0.0251386638146879,-1.2807503622091003,0.736864257672957,0.3765778467118654,-3.928619850391573,0.7317639031142056,0.5799596189882248,1.579902258418701
-0.0765062287272311,-0.9907020729971232,0.146556863972022,2.150969808981832,-0.0628788835128122,-0.0201078946132737,-0.5614366711579898,1.784502843583907,0.6100159401486039,0.5669815977368647,1.8737268976562,1.2183973792256324,-1.0984792025168608,0.6528925624943186,-1.46733579798238,-0.7568098982201924,-1.0238358298516888,-0.6452506183493212,-0.9972461571458722,0.7553017711116027,-0.9731402703470518,2.3738829568103688,-0.1449300572265368,1.9422344980836936,-1.914574000230008,0.94205876769496,0.4624586955547272,0.6180816811667122,-1.1376573202766749,1.036558712747752,-0.1797835867831361,2.2634413694740068,-0.2337071065209749,0.2862335465382195,-0.6927910587781091,1.713183923988892,0.2811224300819754,0.108845509601086,-0.2263603011529502,0.2050688825608017,0.7276754889315098,0.7519722607452239,0.5899618783567098
0.2489440828211357,0.4016113047543471,0.906970173837794,0.7016682615223581,0.6078693491841338,0.3517597932964924,-0.5614366711579898,-0.3476614242205667,0.3848542095536406,1.1825666788305782,0.3093615233610177,0.247437118397076,0.7535724822580185,-1.0813852537616369,-0.091953309262559,-0.687797726892213,0.437727154336515,0.057740203550874,-0.8326150808347998,-0.2528140624806895,-0.0417789806909803,-0.4916613317420147,0.248585088998275,0.3110643760214504,-0.4704169401377734,-0.3062041831150541,-0.1758896598556653,0.6032235222722545,0.5533113809123026,0.2611147751553742,-0.220207941686392,-1.0080017591001131,0.3456547366850797,-0.891334038778094,-0.0813353356540223,1.1416356275303428,1.2701338034916505,-0.7460547776196225,0.7666948609988354,-0.3425457212457378,0.17004597654606782,0.212141471320796,0.13069924119186763
-0.1241326712231774,-0.3255617467134284,1.8960434813811984,0.6788622563084287,0.2390171787394489,0.82339966680134,0.4514411955046269,-0.465946128664461,-0.9021632969367226,0.1108584145528742,-1.3315480365095145,-0.4909012665784044,-0.2962807935409931,-1.2568066915938372,0.3434888689748701,-1.1648814579601603,1.9390755397360395,0.3782804918522492,-0.2045232141287668,-0.6232728701517889,-0.6092820295492458,0.748819376997192,0.5749726044922121,-1.5375255557662963,0.389048411170269,-0.0926273871224985,0.291042172478018,0.2913575253973198,-0.8229200941228877,0.165041969995755,-0.3007540282346775,1.05956029001936,0.2310000097582037,-0.105401805615958,-0.4838079240757566,-0.6930730774300982,-0.7453296384704206,1.2683905076703326,0.1140943836362382,0.2102598133460167,-0.009712151073083224,-0.05710264140253868,0.5774860209901261
-0.1586526438871511,0.3182948263477471,0.1453805783814551,-0.7916038177923934,0.653891102277151,-0.3503174131343873,-0.5614366711579898,0.0714430523284039,0.3334863111879695,-1.4875938957434875,-0.8537093899881324,1.2041505910660786,-0.6586287648526661,0.0400388573054644,-0.0767953384113354,0.8048152256949584,1.3430070101787186,1.5040843084390092,-0.5277344293724041,1.7804389682580226,-0.2735998893301673,0.3525628146288482,-0.0690052946623583,0.1799253131931907,1.4789239999060666,0.2079588876735014,0.9001944744033323,-0.1109184515157572,-0.8265269073796082,-0.0508180643405706,1.8841405182302464,-0.3056449682154032,0.3172789038508569,-0.4864155416564156,0.8752332114980901,-0.339328448326493,0.522062072234561,0.1066095269740548,0.119234077595286,0.7078733740098905,0.11041970009475506,-0.034119442476147926,-1.1379705822348278
-1.1364981132663443,-1.841697928713442,-0.188474453922283,1.970214180527076,2.335561673617602,0.3819204880398542,0.5168331341309467,0.813350957533628,0.4740660627729677,0.3842353130047268,0.2724106042186648,1.0089155665639624,-0.568788336940353,0.4973573240617105,-0.7357253310053763,0.2820541764673027,-0.0647737514501353,-1.3807825281055712,-0.5542486076411441,1.045123475387114,1.4370933041701448,1.6430586627251544,-1.7791780089758809,1.6196660988847469,0.4957991143995509,0.3186650760723195,-0.1803347629323446,0.2286817604074116,-0.7362167025025547,2.1345163916051946,0.4401554305312183,0.8982015346244396,-1.5741591962483124,0.8661363778148135,-1.6948037202170536,1.2398112976152649,-0.5004105852581785,1.919081797482381,-1.3722949052359572,0.0683507223394631,0.19654776394803147,0.28507724076983026,0.12132896247746759
0.3972249768151838,-0.0317448031960256,-0.5786574835780005,1.0247692358939855,-0.3010695057240701,-0.6025388826514732,-0.5614366711579898,0.0341709744160415,-0.1229852164384588,0.0220484371441342,-0.2273489227560729,-1.2880867884472866,-0.2058712853470021,-1.3506025914493776,-0.4013603124094024,1.3148097406239136,-0.0048681322211045,-0.6898503957751155,0.4420787519297949,0.6690181159326103,-0.969033600437915,-0.7982691811000048,-0.5273395656958619,0.3939252931421804,0.3940363583751362,0.1088817892388694,0.3133818459522796,0.7689472679378391,-0.4884204244678374,1.8661525405806196,0.3176462786181382,-0.3617979274876992,-0.3927591287886144,0.241265506177965,-1.431130702113129,0.1145994675621613,-0.8345418684616261,1.0805783497817685,0.0512568424544925,0.2144869898521826,0.6743679776036176,0.19475896034950974,0.4286611137986056
-0.2439829777000144,0.4556014729229949,-0.7245880226427818,-2.356911767020555,-4.669332537501284,-0.5183255868954897,-0.5614366711579898,-3.863968823228546,-0.8737082782884267,-0.0598691886000507,2.0612187562104025,-0.7722483079221677,0.366402041976529,0.2972886663438497,2.056096152247981,-0.3413416545651182,-0.7544784954802394,-0.2161779793107021,0.2631472016827501,2.708913445924398,-1.4957442188593018,-3.3017646753914227,-0.8876905895534459,-0.4320038607647666,0.0953610050822441,-1.1525214122207672,-2.3430785926390785,-0.7466191915411836,3.226522921826676,0.3636495750792898,-2.086187061081166,-0.47615234431746,0.2551269451490419,1.6029007690257544,-0.1458741901981871,3.38920972222193,-1.2807503622091003,-2.313524452115263,-0.286003158382379,-1.0472202112447788,-0.1869754037524729,-0.10621116826520006,0.8375020141020284
-0.5089014452232711,0.3332391628902734,-0.4691019347673626,-0.5799233012977666,0.0250351219686295,-0.4895238077564772,0.1926974455368297,0.2100680317667825,0.4394656846753739,-0.5906981944857373,-0.2316676845989319,1.119313049644881,-0.0824389641033368,-0.6469512785956344,0.610977108061041,0.1916842822784271,0.1217342211330884,0.928944340767662,-0.983647046493236,0.6600096860277054,-0.1322567668175338,0.4140073751677677,-0.3477305171520787,0.3509720203465495,0.6522182773056717,-0.0372005551002861,-0.4530878743184596,-0.3814009129369529,0.0010420488777873,0.0757570555617827,0.6441139680879178,-1.5280673815520005,-0.5441889757724452,0.3553149535737748,1.444078285718305,-0.4894054824460199,0.56736317845357,0.4709069661617575,-0.3631922782452563,-0.2496077255047908,0.27026282403997576,-0.025333424818861777,-0.5711935048345965
-1.8662701981957108,-0.9242570257365657,2.025118080996807,1.5090862096566404,-1.4763672692710403,0.6040600724068426,-0.5614366711579898,-0.8224310213173103,-0.1166377507780303,2.4190025931073205,0.7201590718662858,-1.549618993235253,-0.8767561711250905,-0.1479260397250872,1.2570535622607135,0.0722168944212376,-0.5262808154611752,-1.9682774933892155,-0.1500797126334903,0.0380254566870545,-0.8227750042318039,0.2171526243447824,-2.3050457496966565,0.406817119960416,-1.4727845458584896,-1.583346125356496,-0.5112510659563185,0.2200524533545728,-0.099294543296599,1.2598786534290944,-0.3001873616695861,0.7458542675901947,-1.0853479721024533,0.4705453741429575,-0.5434259429817919,0.3925537637023156,-1.2807503622091003,-0.442318759342481,-0.3039941892397891,0.7246752975758554,0.3556228998758378,0.0022801440268758605,-0.011633797726407682
-1.226132641508063,0.1171320592678915,0.4272140954959228,-0.5316665205477691,0.2845856658370235,0.5254096980995138,-0.5614366711579898,-0.4735170452551415,1.025122449479143,-1.115316254265637,-0.6552137631873999,-0.7949824906683081,1.2368285702376187,0.2072799827018875,1.0305324010010295,0.2940560425932196,-0.7685646180873341,0.6111360630700912,-0.3214221295628544,0.6260733748072039,0.6640609328351119,-1.1623099573738145,0.4531823849943503,0.4291649098282661,1.1450554404051156,-0.7873240548023439,-1.978083813021447,-0.5001877084530378,-0.537817731777231,-0.1552755398186917,0.5898922851967978,-1.5555869843331205,0.5101661939329617,-1.9509985342671503,-0.4003984009423143,-0.2758280331942179,-0.4050939298542377,-0.809609665149158,0.2123222096691372,0.1739496636444718,0.08049061406718436,-0.06119573834161052,-0.6709726399177894
0.2373867000889491,-0.1720673094165736,-0.8556059959555157,-1.5278447108817854,-0.2514055070740549,1.7132002268066135,-0.5614366711579898,-1.2858920235479536,0.0293078194452727,-0.0913106496766885,0.2296900167961862,-0.962347309675261,-0.5168902760513423,-0.3249007636141329,0.796281352283867,0.6944165844107297,-0.4675936963703207,0.3227247413969996,0.5773514265203497,0.9564750079732478,-0.4902610434770569,-0.9576891970295354,0.753104015327713,0.8286077681241605,-0.612126455528327,-0.3964468205819099,-0.6948501783038329,-0.0635345810060832,0.5600453185589588,0.5249367827662187,-0.3893909383955574,1.0239984413316905,0.3750436517810163,-0.4346017153774983,1.2275444979099568,0.877607017906414,-1.2807503622091003,-0.1936748382940735,0.7298592668568821,-1.1585182721333924,-0.2714370169746535,-0.1975795977321884,-0.06104443890838666
-0.280232722745074,0.7064114421823453,0.90704933389286,0.9834717962515668,-3.303903034815212,1.6565315029630514,-0.5614366711579898,-1.4713748030200124,-1.304715706678587,1.7182093232038973,-0.4070289461026121,-0.7117920179695002,-0.1099086562194047,-2.5311856457693254,1.6535627123520251,-0.7931654605603906,1.066519560222333,0.3566737102697565,-0.4321032205246031,-1.6907606821830978,-0.3060241110782601,-0.1741928313312733,0.0053358760504698,-0.7010796727659206,0.974404043441288,-0.9687462365511016,-1.0818757957886096,-0.2090452894100511,1.2138091130166566,0.162934737467311,-2.0108868530282624,1.6289814697016372,0.5683015149874353,2.0590126536543645,-0.069621792684686,0.2674801707987054,0.8753891425197929,-0.9073922317075236,0.6651707367472739,-2.840531857665469,0.24051644745262807,0.37345830420955534,1.121701965234444
-0.1868804336724746,-0.5170720876951498,-0.1872864282461886,-1.253375479480228,0.8051458711561664,-0.8418703203893854,-0.5614366711579898,-0.6056420761694892,-0.4994815029210017,-0.0973086981201003,1.287145157480814,0.7777672169945713,-0.81558226022583,0.193835047411833,-0.6303885274384995,-0.1960410479029793,-0.0133821347896196,0.2001797685661695,0.4490370398575783,0.2728478521703508,0.8836721464469413,0.0268650206457565,-0.5446218330499366,-0.6428416795819074,-0.5612468887230972,0.983934532480013,0.2997835297651892,-0.4857545229166778,2.1863697302576246,-1.913046782807465,1.27201954240973,0.5527811615115082,0.0181135820318554,-0.972276993423049,0.5300859186449243,-0.2083772110139431,-0.5116139283711241,-0.7637967841003328,0.8193432244942654,0.7015554904034916,0.21234462623916323,0.38149036223801225,0.028326226524036692
-0.6048968460199132,0.6410759127874487,0.6802096977062072,-0.0304287962165094,-1.3640227925246025,1.3601590443200338,1.282311733318919,-1.1082150535666837,0.7903572750995966,-1.7613101987863424,-0.6619211436097199,0.3516276343542414,2.0077003234816284,0.4188614782525426,1.95537890034257,0.187928466432302,0.017965349892658,0.5118896105427491,-1.195114361327957,0.1130125083671452,-0.8590444915076125,-3.6762519443243353,-0.1207375053804521,0.2552207630929926,1.667000462744146,-1.562510685599458,-1.404970001053646,-2.685157447690969,0.0111978497280262,-0.4536953526937263,-1.406570901805882,-0.0702750920750241,0.5669784670420536,0.4878811235193209,-0.5404107461844202,-0.2668614567890126,1.5046631680183165,0.7170358609850797,1.9074619474144805,-0.4281026274471293,-0.22161098656304395,-0.40664605876979415,-0.7191410559806123
1.4994307710204924,0.0639704782683216,0.0652409290909097,-1.4675329792466096,0.5283062113460574,0.6439028400247522,1.0823235870973409,-1.2700262558494724,-0.3959129101498644,-1.0922959127263687,-0.5323442485221389,-1.3783669093541984,1.4640624077946631,-0.2047082394996991,-1.5798448655911617,-0.6972352008446341,-0.835815446646811,0.818537485085476,0.5065203632612595,-1.2230191475074363,-0.3553684906611113,0.6035978271638835,2.1567758299731614,-1.713294972470606,0.5768680798440631,0.406207256085052,0.1643330727088964,0.6071511408819515,-0.1805866504705727,1.6465254413304344,0.2156395385692252,1.4554894489993395,2.374335711792201,0.5262135687121968,-0.8752350093075838,-1.7610549340342034,-0.7724173202877137,-0.138973853466001,2.781779340960576,1.1306749565479204,-1.4645041318036556,-0.6890764773030974,-0.6243433024817134
-1.1234977755308249,-1.8382209262465088,1.247037582480484,1.5422883589233105,0.4126469568340443,0.2887736335954524,-0.5614366711579898,-1.2476802882784577,-0.1390556407093506,1.0374506375396717,-0.2101507439985884,-0.2566827471793302,0.2229427466486243,0.1574863839413637,1.7233443778183548,1.1254984788002544,2.336793617162191,-1.5457344258567407,-2.148771487539974,-1.199496913293625,2.10870584485636,-0.59335585654499,-1.5080090871479097,2.408095655040656,0.427922007491845,-2.371186149716044,-1.2014784462841137,-1.4231670937364964,-0.1743492162561521,0.8635747968974558,-1.3109495847246488,1.4582191025233406,-2.8223857182954752,1.3979541639778676,-0.5521374177548696,0.0420399306073486,-1.2807503622091003,0.6313316481546104,0.1983147431664704,-2.726911606369842,0.43017574477281023,0.21087256206310045,0.9459910743813713
2.6417639960922057,-1.285179987195428,-1.0529034623653222,-0.1328619852211147,1.8757679319540357,0.280895507426406,-0.5614366711579898,0.4469571838308465,-0.4510469843519468,0.9130226879968824,0.9725081541262248,0.2467163518614298,-0.0209337500277929,-0.031122554834058,0.7840990484307137,-0.6242325852134311,0.4538665646573339,-0.802647828734822,-0.6082261172188157,0.3842651321034784,1.0779842148843182,0.3082408744203877,0.8344986095034915,0.4802804934097339,-0.7784593249788321,0.2926312312807388,0.1961127353967379,0.7828071545871724,0.9706857991668753,-1.590053179965276,0.2627373124909861,0.0937838552914077,-0.3481606642942916,0.108622389341641,-0.7526172187635701,-2.4174206394420383,-0.6070153748154059,0.2507762459632817,0.1156205546455057,-0.1771107179602838,0.028164578701170645,0.24273483366735327,1.5692003218029558
-0.1097984158807845,1.19626148345424,-1.352903677717913,1.078642390766118,0.7659562876143234,-0.5373636085100902,-0.5614366711579898,-1.7282562235119934,0.1211608769509467,0.7559970796928405,1.609793705047473,-1.0812411716006476,-1.7488647305071516,-3.06718036505625,-1.0304766984330804,-1.0351713076870932,-1.7363428244165493,-1.1865640475254386,-0.3682870998680077,0.3427621869783557,0.2416701334562359,0.1248209874343182,-0.4190810558090607,0.9856706160882894,-1.2925360783071356,0.6987893083029963,-0.3068687446730775,-0.9862593420542168,-0.5697588272943773,1.9964012009601155,0.708091220607937,-0.7469775297028872,-0.7619971556469094,-2.626848254724373,0.3911234492963841,0.1021503824301884,0.1242642201991123,-0.4611762460212987,-0.6753836588644972,0.0631758894900467,0.6304385000391618,0.4517686878894855,0.7468589254427938
-1.6398327477799406,-0.92794826478807,0.3495213230704517,-0.6181069536327465,-1.4822087901638186,0.6547587513883233,0.4001982903358566,0.0061191898877186,-0.4177247122853718,1.9121945128798596,-0.2638392793394412,-2.5483952383208823,0.3279526668344475,0.6042274457440882,1.6474113632792085,-0.6972352008446341,1.254160757142118,0.2351570452671064,-0.965107333746678,-1.4414300191325178,-0.9151667914821016,0.6559615274178089,0.0146011962319111,0.0902332691879128,0.4829761018224433,-3.134528510316292,-0.9467976556413876,-1.054436821467977,1.4782898313667925,0.5992520234077613,-1.2384405178475064,0.9698546718901148,-0.3101403856857845,0.8223824860928258,-0.7016254093814768,-1.1617719348652502,-1.2807503622091003,2.0008445277210725,1.4868554156056704,-0.5640630263270136,0.2856474371550431,0.24227907083254227,-0.511459440275197
0.1495336057762541,0.6702348440455155,-0.7043178844886812,-0.0952631239926315,0.1448279138027,0.5565301946873101,0.8899773977360665,1.1309063719286074,1.3367931530096435,-1.296590975934901,-1.203351343619316,0.3693898950946231,1.2691140124147409,-1.8434917584638444,-0.8430106696259386,-0.165356775810113,-0.039100352242243,0.3365297329011064,1.0098113124694588,-1.4575256831030436,-0.2509691988986715,0.6495426330989389,0.8265765318384716,-0.3399111225180855,1.8378060553220492,0.095137182579793,0.8557362016292169,1.4518424393929874,-0.0825452003858818,-0.0767345096618372,-1.7093412060524071,0.3449401993113587,0.4952623568986255,0.0776152895622572,0.7687016169733207,-1.0210652128888833,1.5327073763742052,0.5176787459216653,0.0392382497390658,-0.6696462606401672,-0.30933572789128594,-0.4082961892851508,-0.7466636743656714
0.1090839017445636,0.2210866040492635,-0.9273137749273396,-0.5923013898345724,0.2364762684830615,-1.8041720490997708,-0.5614366711579898,0.4799165523436403,-1.3628324630208093,0.7593823756758893,1.501158013601173,-0.1214352709072246,-0.3047405873233698,-0.2146095779580919,-1.4525638477439418,-0.4588230229529448,-1.160332795546506,-0.0414469416159697,1.70109116442787,0.3979119892837007,0.3223206706684506,0.0041239974392962,0.5560622950004656,-0.9889607941468233,-1.0671018775063974,0.9015458774535482,0.8086158419854191,-0.1760240204926439,3.1589212163678337,-2.148985875065101,0.7163407540492337,0.3480942794227947,0.3251181736518915,-0.5406873854461527,0.6047352442640102,0.1225306136531393,-0.297405325636202,-0.9798483142992354,-0.4939647498312964,0.9058217122033558,-0.027056316271546477,0.013940197785805575,-0.22663081785590075
1.0154125929901996,0.2588268811413851,0.6270575388686749,-1.071613721550142,-0.1468618578798023,-0.1728531547798693,-0.5614366711579898,0.2498900083627419,-0.3953246684411624,-1.4173422353638203,-0.8730278822785132,1.0987473267770398,0.0575927069835582,0.9174498841841778,-1.1323777833014417,0.7746645722662338,0.9649778215264256,1.478709910481406,0.5355003625989672,-0.0941767990222607,-0.8026514586478204,0.4900137660611889,1.2324561590034433,-1.7560332955488065,0.7259884367140206,0.8175443498878626,-0.5763565999185176,-0.3791228915383252,1.1188368221179672,0.9841384169649626,-1.1470929072680394,0.7268754805247246,0.8363866510858232,-1.0998077011051717,0.7307412230817969,-0.6828258273011875,1.3093215285230004,-0.3243905830475829,0.6681231225542787,0.2682750000992954,-0.3396299257124512,-0.2441116171598467,-0.4486873119535349
-0.4243625516601109,0.4160121529906396,0.3858483381020619,-0.542095071980179,-0.1321460799841508,0.362263442851068,3.607366104483724,0.3225375871357527,0.3318748781281345,-0.0098198044515946,0.4078218951333255,-0.9384032078740906,0.1631998437864334,0.6940983621040153,1.2189255832211143,-0.5847198013164011,0.9997703530772593,-0.0230431858286221,0.0118669698325684,0.357704341839517,0.9326748015914852,0.6593819455966048,0.563423694618835,0.0340124862634805,-0.0270660138257771,-0.2686540690369934,0.6983628580568483,0.505919127551911,0.3243752059677163,-0.8410160510971005,-0.6515813995152335,0.0179354660661382,0.9720418119649132,0.9645138251004696,-0.7874228161772573,0.4638748358865522,0.3740764151711937,0.9516529065400486,-0.6035941826644268,-0.2471402677558,-0.316934733694374,-0.453996581502361,-0.031333632590872115
1.070398757224922,0.3921382562086287,-1.0367827370796547,-1.3428918359750692,0.6933042572626282,-1.5834634123357654,-0.5614366711579898,-0.9816754283158216,-1.073968842235534,-0.8387347915308202,1.9156210102561928,0.5172075657445303,0.1511757432627587,1.5063965597359406,-0.1638023218120521,0.2607832763891698,-1.6093361038813436,0.3740518469591755,1.7095150544543103,1.3139062108664614,1.8502479918703776,-0.5458418906096116,0.3027146754719844,0.1789692606204658,-2.5726559869662817,1.2283555225990712,0.2874374945616557,-0.6537847275749896,0.583493552763323,-0.4629502030871247,0.5326188496249503,-1.129811452631489,0.7529018725816133,0.0564462382377057,0.4692190463294692,1.50306961607547,0.5522604688283677,-1.6122842963316182,-0.0859654959594985,0.42496191669194,-0.23388743226498848,0.1558689649261615,0.14539990077579065
-0.5226264847082083,0.1072221576991607,-0.5996040703146992,-0.7028218127082781,0.1556406046212804,0.5488856206239974,-0.5614366711579898,0.7750193044238601,0.3308507072258084,0.0868682442052354,-1.296913933772483,-0.410492423129405,-1.201502003767325,-0.5922136175484738,0.1361660849577887,1.2362154085631814,-0.6024491667611449,0.6395862895230995,1.1034746142714564,0.7856589965510172,0.8204923434424107,-0.1954442145429186,0.1683263002082734,0.8702504907019201,0.251608729331963,-0.737408334875817,-0.8888988762621651,-0.295234916488863,-2.105477994015324,1.2870500507184588,0.5346458300845469,-1.811208068156812,0.0347660940398348,-2.176930872931877,-0.2880143106451942,0.9291750336806102,1.5564617458332264,-0.2641732613234391,-0.2078522422584436,0.1734536671599813,-0.09304537578695271,-0.2710480793007691,-0.2332757856958462
-1.3930132641078796,0.643761061111796,1.4668493463683323,-0.4291497702215409,0.4853475827805504,0.4127204524684102,0.5111131313351868,0.6711966299616067,1.2455195471018334,0.0657188785962464,-1.0053249458598268,0.6881414255717355,0.5254428875569672,0.566089686692244,0.5338878825485659,0.0032499483771029,1.207899193151272,1.8862188862613285,-1.5229764199384208,-0.1204122412074075,-0.6924528365013761,-0.0239858921499475,0.7598193230252726,-0.4212249019660193,1.8139470186358035,-0.3709396174830636,0.3082557541894097,-0.5640436459821624,0.4993517471476565,0.132447429628212,-0.7673744387671161,0.9781112681203304,0.3387818996431158,1.0544631233771768,-0.1431245124797112,-0.9944806507715388,1.5506861309650646,0.0126966902586494,-0.7310673600955684,-0.5126759124982679,-0.2867619572997099,-0.3968037482811144,-0.9402804111059082
-2.3466963416221693,-1.151441818051136,0.5452958084686964,-0.9464720414387848,1.4312675773568282,0.3351720044305438,-0.5614366711579898,-0.355725492061211,-0.0284322494332623,2.053526312796878,-1.3316783795052378,0.5578405079902148,1.0730726277665927,0.959441089279214,0.4366945146710356,-2.1175511928543465,1.280341057546479,0.0124698660934137,-0.3065876308916591,-2.6157922433991923,2.426482702723108,0.000368089962795,-1.5543965193292109,0.6637628010367911,0.3771052094673476,-3.37947172072623,-0.3800735375363839,-2.2787485529960776,-1.4029070570448754,1.309345168051286,-1.344294587495937,0.6711880130113466,-1.868787652704293,0.3364298407465937,-2.504496044883151,-0.2342295824685975,-0.3552281606973673,3.013550349667359,-1.142208474116369,-1.2054504458516682,-0.1178663624178381,-0.022486979849821703,-0.3076443674729366
-0.4508188753248032,1.1342176172971288,-0.0770815646908202,-1.3277673500867349,-2.2001043311426427,-0.6367940416134367,0.0873036630625635,-0.3526953778278089,0.2687612574137563,-0.2203652065389563,-0.351735217174479,0.5950273603680019,0.0403993299379272,0.4124034199269251,0.7645665495334617,0.0528419183857453,-0.7594121192404625,1.5083778513611383,-0.5307753746883582,1.0860230990479092,-1.54920726035065,-0.0067976942297871,-0.041650557569424,-0.3816707642491495,1.6323506180541856,0.9480933022485688,1.5186455073277183,0.856689189657481,0.0147623455243806,-0.7609459507171978,0.8757449979683574,-0.8057746268933047,1.0215198807279111,1.4085116485382467,1.3404670962929777,-1.2572440727727825,1.619941331164381,0.2823695668342064,-0.501514180721416,0.9976379544212052,0.1904329100404905,0.008682220965037152,-0.6389209437585829
0.3434474440054014,-0.0576393540644218,-1.2824927076221002,-0.3534670185093876,-1.5306342235604573,0.2697981201635987,-0.5614366711579898,-0.3069312868871087,-0.4696802056336628,0.9562651247862832,-0.2943518712528923,-0.1791248226955031,0.0540587037467933,-2.008938553251842,-1.9037472469813952,0.234619958801418,1.9666300384264852,0.6978350974716916,-0.4022064725570041,-0.7857331888456274,-0.1823038254970673,0.2822948612249583,1.4528567238591052,0.2445100566924438,-1.024129836235321,-0.4764586924533132,-2.245889381151044,-0.4332528007750462,0.8119513804472979,-0.3371453007717369,-0.9748078429627304,-2.0249747142776884,0.4982101971089272,1.470776604714363,-0.500222744550232,-0.601827201346774,0.8756131583089914,0.9515393314137364,-0.8712942023934984,-0.1877614720820591,-0.015420791801708689,-0.09266762563461992,0.13744779054590464
-0.80579444820752,-0.2020429548636823,0.9590163443346496,0.639113484706049,-1.797769296757019,1.4566796154763286,-0.5614366711579898,0.96396524832349,2.4472209130951983,-0.919346307555906,1.3624152231264155,0.8053118568237059,-0.1010757081668266,1.1688186771614235,1.2781618788671067,3.4566802883849586,-0.1005783762164692,0.0217014826985439,-1.651688255776231,-1.9775795626532,-1.9918432330391005,-0.041694642938225,-0.7402748462538646,1.2192669007111396,0.8933031507819141,-1.3011247330274698,-1.291293355572883,0.9559885997233653,0.0330189654980258,0.6763623431166993,-1.5129809017402405,0.7227592744255311,-0.5018578553580969,0.6058758394139596,0.8612789257983899,0.1048656656567659,0.811387681667521,0.824089618171162,-0.3742695127586769,-1.3514361383370372,0.16506875885731392,-0.08756328721243724,-0.6035055247380589
-1.5140160873354422,-1.031678105759468,0.810853770853423,0.8860295893602622,-1.4563847685757303,0.2726807943436078,-0.5614366711579898,-1.2236743396734422,-1.6398728590832274,1.1139982586536776,0.9375387677663096,0.0746786481148474,-1.0459009539205355,-0.0081818627959871,1.4212455942883735,1.542330323863942,0.3130771078411917,-0.2361968600114596,-0.9073745034096542,1.0623124801436847,-1.467202104804325,-1.5891861073836626,-1.3631986674502583,1.5346662214009266,0.1863620541733897,-0.144835378661945,-0.6741835893484011,-0.5561572087188109,0.2725701963326662,1.7009739726697466,-1.2052070655803349,1.3463746459850872,-0.7178236570184671,-0.2322647067099301,-1.0058678724443637,0.440727806654514,-1.2807503622091003,0.64125356690868,0.1919136801456675,0.1069534060843924,0.09434685566202448,0.011327082892575197,0.8867465229047405
-0.6331718973307104,-1.1366345641429103,-3.5153864327348447,0.6187126680327295,-0.3926260886722299,0.4724007950263633,-0.5614366711579898,-0.4735607707978224,-1.9533686255650335,0.2105632111103043,0.2984985978061482,0.9280599113775342,0.0421811029282852,-1.2695125054534675,0.5975096755138675,-0.1821260703242659,-0.3348235202313224,-0.1094357095771218,0.5733468692797977,-0.8114753077098723,1.1744713079360471,-1.1248506682768662,-0.4121805650412511,-0.4199221469591174,-1.563854498440442,0.3935356813274356,0.0616058992987578,1.2110240905306755,2.49208268188575,0.2268467859848941,-1.669067565213116,0.4008246978070237,0.2882271115965855,-0.9986713555907202,0.3257865202242475,-0.7314349064648863,-1.2807503622091003,0.3067612405839398,0.2624323758506836,0.1162059055171557,0.08659522772749903,0.38105700521971175,0.34102810065002104
-0.0013376325840225,-1.6448946363322818,0.709996833057779,-0.3460196192170218,-0.0423436327988467,-0.9539522038255814,-0.5614366711579898,1.299270877901326,-0.2948786688560791,2.198447832384953,-0.7334038666953323,1.0726490897930423,0.066396547936841,-1.7159854145192674,-1.5146740701762853,0.4202467567589302,0.5855525938941014,-0.1050762634912527,0.1206233663266947,-1.487355171609302,0.3967514323928331,0.9870005389846968,0.3431904255222178,-1.9746341794611304,0.5317615054770526,0.2010739812928909,0.0945859003735345,-0.0645351293447486,-0.2323398517190324,0.656155787804896,0.8545268883158917,-0.4613811714988139,-0.0929775309801797,-1.0155121818277113,-0.3692016600841939,-0.1042945113131996,-0.8038647296630627,-0.0077647774210832,-0.0184745589766108,-0.9821914921651644,0.2251616328635308,0.017873370044916775,0.7250767579500647
-0.8986192632530491,0.2535204034424504,-0.2179624200482492,-0.2558281787001069,-0.0092678040186297,0.2527717262381407,-0.5614366711579898,-0.3174174105789336,-0.2680046150290588,-0.5122413387748169,-1.300879484989728,0.6297101371632783,0.5098449652422464,-0.4156836440311394,0.3579809899825468,0.4488358756319375,0.633906025378211,0.528484080279357,-0.8510949385666828,1.448253646653478,-0.0572739249487263,-0.1351608256312965,-0.8634535178484186,0.5013771096132569,1.4587777737618428,0.047233092292439,1.0107612740372836,0.2885020044168109,-1.6895675343002088,-0.5943116444125934,0.5517605363773158,-1.7914367827217887,-0.7364161516492789,-0.4719700153137416,0.8647572418621192,-1.2023643893154812,0.8849858288391526,0.8690299764977654,-1.1683343069881031,0.6088579935729947,0.17597339736351855,-0.3340730523861654,-1.2009313894952325
0.2801170266164433,0.2477052838203282,0.0356630101663934,1.0073184344373094,-0.2350358386598457,-0.717800354803367,-0.5614366711579898,0.6730072934457118,1.1401989082762154,0.9342597753716196,0.8118324206268722,-0.0527207878715387,-0.7160969418752737,0.4370359619982864,-0.3615788116188944,1.3668225408229009,-1.256727165103288,0.4393706659165036,-1.155983836701697,0.3221536261126106,-0.4669531575748452,-0.1610314711181379,-0.3733933516885777,0.8054592597193962,0.6936358561737563,-0.7381146995600447,-2.1964282772122017,-2.175238805363754,-0.7799695499198852,0.6634128971907916,0.6016542458673357,0.9605795926201314,-1.02181534917426,-1.2055408595299146,0.1831660158790201,-0.1787061495608324,-0.873930649021524,-0.5306905484754836,-0.3436509735037322,1.09162942582591,0.6047769693758374,0.3306358180603738,-0.35304405678715156
0.3764187826181215,0.4062948833757817,-0.3568512613364455,-1.717815134988018,-0.9974853407256652,-1.906733476071408,-0.5614366711579898,-1.718882785005769,-1.1085450602842617,-0.3464678156623968,2.0154736012642718,0.2882462175264326,-1.3911486887975495,0.9264870015093792,-0.011671288665778,0.3884268827230708,-1.092533375142404,0.3674519747698394,1.6151166729565185,1.405734447160712,0.2666679659033292,-1.1524380144664743,-0.1338421263004638,-1.2820718140024852,-1.068022448612151,1.051200179617374,-1.0270955262547112,-1.1834051784887032,0.8196240743418745,-0.2144901300149798,1.5433330326107637,-0.1711772601854902,0.3807066259890896,-1.1536728378682566,0.8105954897671073,0.8296152121679214,0.2838916455529961,-3.278476000390217,-0.8620852100407939,-0.0464102651994717,-0.06462461885400309,0.018622269718770575,0.2427790314964364
-1.5430179564931672,0.0393272399861999,-0.4054830169405251,-0.4514726637724015,-0.9709589944848231,0.6449749913903362,-0.5614366711579898,-0.7842167007966545,1.2663719202734038,0.5779843035761792,-0.7023978498419812,0.355639268234189,1.0906509990296769,0.3809577571834903,0.8632475200305482,0.3545641564462513,-0.4739502186951877,-0.2389452804190939,0.3590558568426494,1.3081901628916603,-0.3625407583399312,-0.7867792786561371,-0.6022210770294012,0.6020804972827037,0.4842268669187566,-0.996305447908608,0.7461130538946678,-0.7763199078868323,-0.55901849922407,-1.14485230874431,2.7572229976183182,-0.9836407881995004,0.0576864438623628,-1.9323279963681943,1.2745704245491,0.0154885080246993,0.632587770966602,-0.4779663699549288,-1.3034313268708972,-0.9002363070023205,0.14527248410651947,-0.07839560977652082,-0.9472772570534784
0.0287970640658568,-0.2576463304477683,-0.2517683582262364,0.4763460870444075,0.7402805487302346,-0.9321359283132824,-0.5614366711579898,0.5439099902997041,0.4158577916057042,-0.2884071526604424,0.3518881650395545,0.8333873537983719,-0.97444923678783,0.0734012006999821,0.7954976916793555,-1.315366087352909,-1.0653771921542183,0.7383924224615144,-0.2795300323900475,0.2785559330756421,-0.024532029419019,1.1523953390421835,0.4411296392064112,1.2281966342693105,0.002916271979093,0.6393137275291596,-0.4810713494834693,0.905514841616479,-0.0061504494967525,0.5292289846969903,0.3035657628205119,0.3443388436956888,-0.2449262926960979,-0.4708831701764427,0.3964355825580187,0.3407626160820995,-0.6211409362822503,-0.5022354047967584,-1.0284733527156449,1.1671384774651858,0.15898186985084486,0.18983562547155164,0.40173316589268965
-0.3845399212243474,0.5106706934491432,0.2698723099731727,-1.0312414208381493,-1.048180740105233,-0.1005415904217947,1.273260477697387,0.101741421838185,-0.2383187840372571,0.5393142524745677,0.406732155929187,0.0287855567907333,0.6995140307812918,1.0497576633564212,0.1600222082953027,-0.8042263234978473,0.4230282265795755,1.2303626144063846,-0.8641225506438887,0.0027022127300655,-1.2243717470857385,0.7509220254679573,0.7969695740762952,-1.0914820915922177,0.3165077903634898,0.1674534049518084,0.0691252034535106,0.5870801484108914,2.3321389792826803,-1.013981189094464,-0.9905732811757096,2.05411607512255,0.8085276236025739,1.4869149715951888,0.4577184860374578,-1.0071568498797177,1.1286994784989088,0.7003965482824454,1.3175615957466855,-1.2716284209863489,-0.37621798270186685,-0.17076241937500386,-0.21538221416261868
-1.8958385148733008,-1.5167144841539977,2.2354617008395965,0.4752425991768678,0.2665459745571209,-1.5346246327694502,0.2335427112589966,1.6558170819134803,1.8209743987086568,-0.0196191918033688,1.3205590139741117,-0.2495676745361535,-0.6696631417017312,0.7177571062515424,-0.5342308685297967,-1.5621684708177734,-0.8323359781394648,-2.2506909214022244,-0.3548149028174696,0.1022035950584425,-1.0074303293140334,1.1883385264397135,-1.7799682740800853,1.6504242041929011,-1.967583441408788,0.3122174778151304,1.265883000125802,-1.1823793954955948,-0.1328784071150036,2.3921897609187828,-0.7859041266249271,0.9889128144012248,-1.7363240933324746,0.8935980119152579,-1.7425906620218836,-0.1766704060299553,-1.2807503622091003,0.6600088454974925,-0.7015706360245234,0.017907511547473,0.6220315847512284,0.8292372843964928,1.1034794632944682
0.556950269908601,1.0721001553805296,0.3107416760429779,2.351302530137985,0.6092999903911942,-0.748531563251439,0.2786882945655989,0.7165811568261602,1.1570443197124565,0.942147891150126,-0.5869668450491471,-1.9561508912032752,1.2804748862080828,-0.0890817714830132,-0.2455253418685905,0.7802160110915318,-1.1049653796392735,1.6360102780100332,0.6852462125727004,-0.3678429451434036,-0.7439103751535655,0.7402084801509203,1.1035888825540312,-0.821324381463139,0.8410846492270265,0.4692654857009143,0.6549634530166539,0.558332866696098,-0.1501670897435929,1.3277864174778953,-0.4745249217208622,-0.6546990630764825,1.2906327909993232,0.2542154790315333,0.7773264932608497,-0.4124660026103485,0.9857593557429344,0.3671379590833122,-0.9162708176336748,-0.7063599485749019,-0.3772571156873572,-0.23098547598150293,-0.1494260459687086
0.2788640148330253,1.5560692359532526,-0.8168453809087056,-0.6403443032214038,-0.4031748034332297,-0.240631046842799,1.6081285928397464,1.29582909944368,0.5841417821660807,-0.5477807127485551,-0.2599745918457182,0.9681746137868452,-0.5549451727047411,-1.4144623371712564,-0.9727455783836172,0.7629705906183848,0.103204854818917,0.1864813967688192,-0.2069717536200567,0.2593702693499758,-0.4584891686284793,-0.6743374122837571,0.4588808516718318,-0.509262157082392,0.6839166904748306,0.2802128513878897,1.348972902689087,-0.2052947066009758,0.2061931093013619,-1.3087676607024463,0.9180545299649352,0.131171421721927,0.0119893388574305,-1.6456655463447656,0.8279073792914418,-0.1913250229387716,-0.5803786751945113,0.1334996233507505,-1.2906486684243708,0.5430564139543351,0.24187337383585938,-0.0863871404190363,-1.2461420294506678
1.3859035557062662,-0.2039720850484218,1.6871612313136526,0.941632621331712,-0.3957700897814139,0.8680246454184488,3.1001227521734176,0.4601613928943492,-2.4891045633329854,-2.1870679741436123,-0.6690870191076467,-4.0956549184371,1.546314567681745,0.0719956424479531,-0.9060186761673164,-1.3867973588402869,1.5193542768762192,-0.8673092986463068,1.977659308693733,-1.2396640201196696,1.693049282846692,-1.467345917261618,0.3879833538323686,0.0209498123586119,1.3161636320399823,-0.6341468004028608,-1.127599787542789,0.0582992310907039,-3.0995120005397085,1.328851630975118,-1.3726104331657318,-2.3771557253179894,1.6029071981864034,2.948468313915107,-2.504496044883151,-1.1518911012376714,-1.2807503622091003,-0.619572033722672,3.306347342412218,-2.608911797552877,-0.9858610522540489,-0.7040991323598027,2.4269700214342182
0.2403831889016928,-0.0232598302808445,0.4587035140911024,-1.26143123233149,-0.0856030357503343,-1.240395672495732,-0.5614366711579898,-0.7930550615834336,0.1945236007292575,-0.0454155650492641,1.4676314508466868,-0.4495176770420458,0.6644017901812154,0.973880549522098,1.2441020666822762,-1.09215533433527,-1.0944466521269536,0.9652058417617077,0.6013026740514651,0.7142664332638557,0.9815516190215462,-1.3710352950487554,-0.0228595423805061,-1.200743903123273,-0.9533770444317706,0.1467806871077606,-2.7083373651873464,-0.3924545773982061,1.6235721679071038,-1.0742312781126733,0.1844092952419825,1.2659008895765724,0.9749141899122588,0.3507041709497034,-0.2006673376700549,-0.3873821861840288,-0.0159608884561832,-2.58522706672674,0.7442552516337283,1.102156537072356,-0.13171282282083013,0.16479290364685278,1.2377752957782666
0.6674948751962194,-1.0316508814147596,-0.2492206053235341,0.2033610859614881,1.4984228697427069,-0.8564309243978022,-0.5614366711579898,-0.122463985537786,0.4622930020407365,-0.1109096376377057,0.7952095712770092,-1.4637182250158878,-0.3049494747190062,0.4136827254178439,-0.0001783747339829,0.2360529634701459,-1.4221005731414975,-0.7237129773235136,-0.2113631108739679,1.1221053970821242,1.2996882494629611,-0.3930568834045885,0.7896048949535444,0.752019274792402,-1.1845538064171264,0.8274850825528338,-1.5546566071912888,-1.7333554558159945,-1.0910268549828268,0.7488312888756269,-0.8075386603170477,-1.127418075461483,0.8648156706183097,-1.53527219120326,-0.0166638734797951,0.851345980707717,-0.7093328680542447,-0.8521840131927043,1.6796005711760795,-0.8840233339752922,-0.034354832273364826,0.14308750491656372,0.5768507382418189
-1.061032184335614,0.4089352550769733,0.2221599925760498,-1.3601632448322294,-0.6051926507117477,-1.1168642719084416,-0.5614366711579898,0.7272989050541266,-1.224789288793193,0.5878905196442153,0.9341846314223824,0.480376308862507,0.0721289975032422,1.6827363980331196,0.2406831025177636,0.054676722728184,0.2839515834516821,-0.9552257827520516,-0.024658824286463,0.7355450297571833,0.1952269615276479,0.5275366356961542,-1.1965926335971804,0.4338199308560604,-1.2010230916214035,0.4137082628993239,0.8891379841378073,0.0983052337123272,1.2788217212298902,-0.4765017886724759,0.2655092994754715,1.3219495411836988,-1.7698223171889689,0.7276147799730726,-0.0356849663611145,-0.1220472580734591,-0.6934775226307696,1.0545959153299065,-0.8854010944107752,0.1860805267898289,0.6120608291244798,0.3744059505955622,0.251275717894813
-0.4751403529146009,0.4678274192220093,-0.4546012361321509,-0.3081254654261253,0.1581810651978452,-0.0158185498494942,-0.5614366711579898,0.4070916224465409,1.4403374062177987,-0.7234322159880793,-1.9675014356126217,-0.258071170938304,-0.9939916522081844,1.064986024499133,0.9041324056527708,0.4556916643870899,-0.0371543464443513,0.6763537461839721,0.6518464024664418,1.3202601688869038,0.1493296298828561,-0.0375161117891459,-0.1836333286530474,0.7818323349660212,-0.4906522647041348,-0.6326350645805218,-0.7358691729241922,-0.0149398212580949,0.0013916064017721,-0.2387470576904705,0.7639852995336356,0.2611629631409261,-0.3184520461330447,-0.4327758457891673,-0.3222626302418078,0.3215494824551164,-0.5965973109854168,-0.1500650618179329,-0.7636772913638713,0.3196229792776863,0.031391727860204534,0.013791520068052579,-0.42246839743935105
1.4798087619745146,-0.1418929195357028,0.375042110562457,1.1752744332174696,-2.566809145839222,0.0849341489192569,-0.5614366711579898,-1.347243460073721,-1.925947731890008,0.7882616652539169,1.056340897178486,0.4593183548267116,-2.099546789450913,1.0513641919461854,-0.0208295602511465,0.8271948848238909,-0.2092582787966458,-1.2903416794885254,0.120017475840875,0.2447387513929726,-0.4719286431494034,-0.5440974643289985,0.1226411426141721,0.257714250100696,-1.2351756263456444,-0.3713188522958162,-0.4603075748476964,0.7243445395764002,0.4420064614570093,-0.1788058119038312,-0.5513851199425263,-0.5732649797893002,-0.0150563929760094,1.3387107357755368,-1.3208590539727372,1.0593693936847597,-1.2807503622091003,-0.8242969458238384,1.129929282535806,-0.0072047099438702,-0.22488113191525846,0.025205547347404378,1.4194147443743483
1.001857238610286,0.6262800625383996,-1.3887367384581677,-0.2001828634379398,0.6024734030143258,-0.6869098183001653,-0.5614366711579898,-0.3472538524611635,-0.3138159979277306,-0.2255779296302667,-0.1110998699070087,0.0465624554285462,-1.0571132499893674,-0.8194753058251386,0.7110650923253198,0.3703552071582895,-0.3318915869632655,0.6120412766119291,0.4802734248482759,0.4738749941813991,0.0227805337261552,-0.8547917726667853,0.7532536688108311,0.047627958288885,0.532351809996284,1.390378589220376,0.9326785452054918,0.293470771838194,-0.4603209025900428,-2.6769005142514355,0.8752092618310086,-1.2535775210352558,1.0239425381746967,-0.3113755093422281,0.6860239972958636,0.0980834623626232,-0.393874121875623,-0.4881722986774341,-0.433896742599221,0.9006635416647758,-0.04829589077048408,-0.040409070923827936,-0.6030118629226485
0.070513296803363,-0.7698061920815192,1.1800835057507373,0.8373660932624639,-0.0763751192251527,0.9949946747520244,0.4449411324244616,1.20711235767714,1.4567784448514192,-0.4440580461698748,-1.652168435550626,-0.2109199281525234,0.8020447378097124,0.1435239013608356,3.032686767066393,1.5198003748901423,1.4022007760612087,-0.1140845768752383,-1.2345075252586255,-0.7168257347126711,1.2046453106488098,-2.354104722975555,-1.286407280626535,1.327928338566853,1.0081961667367445,-2.434905405709548,-0.1711814088242222,-1.349163965525617,-0.6760887869720518,0.4715292953929737,-2.6959292091042224,0.185904020585766,-1.2952618625796384,0.6021951695749842,1.03993344315213,-1.851611624883673,-0.3765304965548009,1.6952141416611488,0.5117288672357531,-2.43907722226783,0.591684744055326,0.6978193733019988,-1.164047024361329
0.0189491227376666,1.1292674764670871,0.4479411748518624,-0.0082889434759356,-0.1559506913822269,0.0891090131967221,-0.5614366711579898,-0.1298570039287387,0.4577634564446671,-1.01744408317686,-0.124522139790136,0.9796285462359172,0.8862824537798387,1.1511974986660969,-0.6773120193904568,0.3703761912897093,-0.5154882170071864,0.990538314538529,-0.8758484458653026,1.451084268325275,-0.9615971665707768,0.3076509028735826,0.4675096200270419,-0.1252465196621455,0.4769411907636633,0.5979870689807396,1.4539401035829984,0.1783989135283472,0.9947736534556512,0.9326685893636094,-0.068006538972384,0.0966590515173671,0.4127733887886474,0.1522416213656544,-0.1476964098803923,0.760695102563503,0.900057433278405,-0.666148975721274,0.8990689439638168,0.9974094136938644,0.44870368139100275,0.4610738622381292,-0.9559787735239179
0.7257469266380038,-0.0854490459647902,1.044728238786765,-0.3500301908489504,1.6612671233446992,-0.6360290044725829,-0.5614366711579898,0.6330582027153825,-0.2301945657679904,1.2089239123989175,-0.0844187644660283,0.7365469361765004,-0.3494218085976706,-0.6103813232015672,0.5907567976282728,-0.4186618988266021,0.4547078538319758,0.1096606759950392,0.3225283611698299,0.0761172230461999,-0.4356386532052879,0.7439573477813286,0.774889726691798,-0.0855081090989206,-0.3969879202673589,0.5451524002138527,1.0189468581352814,0.5608729471394295,-0.2042742604826214,1.0968582680572103,-0.1424161458181981,1.4798545499470264,0.3081881119938522,-0.3545913361764775,-0.176597618724409,-0.1650781132955413,0.962758293232618,0.3954696899597678,-0.726385263679694,0.6238807757093068,0.3107407031596171,0.013606802582273453,-0.13123837899766003
0.9938484621437574,1.3978465215031803,-1.2120817921814473,-1.7235033828424482,-0.6869796454553169,-1.3734756219701971,-0.5614366711579898,-0.1366182789469386,-0.4572483708154586,-1.381073608367295,0.2258328048192089,1.0265647934363968,0.7043021567689028,-0.55288487936983,-1.047094624584203,0.1549096078571341,0.5526556821833621,1.3776963514659215,2.10833862939256,1.0876507606013732,1.3190865440175716,-0.809729136263633,1.0251706329179042,-1.8389470829011307,0.6877761291863651,0.9325316687741264,0.2147338255393277,-0.7945119150435058,-0.4266615607152765,0.951988774318252,0.3929525301048525,-1.58296969264173,1.0663426120165016,-1.143806495967737,1.6770303188157758,0.7894161417039225,1.837869916753634,-2.20653221367779,0.1214686633678424,-0.0455878223682087,-0.0942280030153877,-0.06281526495397699,-1.2047963410362752
0.4713272191500984,2.2606998667290856,1.2573136978001305,0.403373167334583,-0.5892904608596734,0.2673104541551621,-0.5614366711579898,0.2669828549440349,-0.2283266756341557,-1.292725359647681,-0.6289867128129762,-0.7251349525423912,0.9403056120388884,-0.2306061931334118,0.3378139158547478,1.0158143874903751,1.4713607742638073,1.7043098943934194,-1.830330746793805,-0.754536167916154,-1.6778396061724474,-0.5292176303842627,1.051120261596316,-0.977381963386932,1.0068231384062136,-0.2741444746438759,0.8653216467754202,-0.2175643948468386,-0.6473484363638426,0.4893398725482913,-0.7055278270781898,-1.3999791042428515,1.2671328087892697,-1.1228655225722202,0.954917538729994,-0.7850613361026405,-1.2807503622091003,1.004056005207275,1.237915184436491,0.4019778185079355,-0.48433098284067644,-0.5554503481669584,0.8294022641050928
-0.0630481086712907,1.561272413113155,0.1948290097787961,-0.9866783509959598,1.2733261644608374,-0.1985997525510666,0.1412911825139639,1.66629604080076,0.9826350250888448,-0.8514812775834598,0.0681036693994998,0.5664582406313401,2.2024236442989578,-0.1936964470884767,-0.4764991322233564,-0.7014831940486356,-0.7112131791517247,1.616143460526605,2.7804745385648597,1.0640404835650152,0.7148120204853451,0.4783757708565804,0.8082836787996921,-2.8687648726100567,1.9810237462693476,1.0201133801125208,0.9812551344678592,-0.0743718032411101,0.5796811798952267,-0.7172651054170774,-0.139042069663812,-0.4782219069763371,2.100940726710132,0.1858075278995149,0.1826069932653337,0.3399970430462958,0.589878213880501,-1.036772367468824,1.4746946467660338,0.3049873819785844,-0.7554446757013864,-0.3021707679476475,-0.7412478675700245
1.1070991603659392,1.8792325766279976,-1.4276512557441898,-1.9406710967822345,0.0689785785921394,-1.4917186165434355,-0.5614366711579898,-0.3230141327747917,0.243111263158873,-1.4683847067121063,1.0230464906164225,0.0575282623498984,1.3277865387200145,0.8895356564475507,-1.247084955466043,0.0041804267486544,-1.8399520787212595,1.4155122978439152,1.1282407445445426,0.7467575937107992,0.1895782900714047,-0.8529410481497945,0.4905739908581659,-1.2114909196823826,-0.0958988572820971,0.3929455188637092,-0.7219021526461368,-1.4148077172062077,0.1838516442045842,-0.9652859451369504,0.0075785503727854,-0.41064146479523,0.9867539868242144,-1.387826159227729,2.0463044954732283,-0.1861546306389544,2.1059875451513608,-2.3729016947526542,0.1186971856770632,0.2195395104516873,-0.3457555455349299,-0.12778810196730697,-0.7047202854810356
0.1617779103949624,0.4509741478212837,-0.7432013797145477,-0.4112364019662257,-0.5226280975244515,1.356835179079559,0.3911791534554591,-0.7306545089465698,-0.2723098046881445,0.6678791062632526,-0.0859105773943767,0.8114398645305282,0.7003364566582952,-1.7210020794336418,-0.7509523977088792,1.4270360805555078,-0.5862317212532396,-1.2795249811750689,0.1601754050846097,0.555865757324808,1.9463224389649687,-0.2834824558432168,0.0106861514407339,0.2038904635770876,-1.118756880808944,-0.0061111762394411,0.3339814398931747,1.5736491225544789,-1.1691587942053572,-0.0016661170774938,-0.5697114229459643,-0.4268208371357133,-0.4505994283768357,0.7959944625100379,-1.98198898278934,1.4117905560236772,1.460035407945166,0.6387366878382674,0.0428875907926115,-0.8666868478493565,0.43528122354629456,0.23572652845935535,-0.30908194824036406
1.0546344072232323,0.9441416940249608,0.9002243021737899,0.5642336310903524,-0.3237373024516617,1.1781553878353488,-0.5614366711579898,0.2065004421891219,-0.0965745742019462,-0.3412137122150263,1.0895934179174442,-0.8328508197263829,1.9934313207268852,-0.6958572749224982,-1.1760197262658467,-0.4680667337739337,1.2897411421548357,0.3592453399451809,-0.2171240097200041,-0.9408752848011284,-1.1968910395175654,1.040144820781303,1.102376502373786,-0.4964191224788331,-0.4149136705411517,-0.0774094226212573,0.3284801258078645,0.3841844178336187,1.0020172875368596,-0.6939676998918908,-1.3343655154621117,-1.2516917645776704,1.8826066514031992,-0.5428316523270957,0.2139170831846983,-0.2698875183154001,-0.3029599217028911,0.3782776778563239,2.213067179194522,-0.3520209826593495,-0.7309523159059712,-0.35421821954816285,0.1076543178369048
-0.1573956561015531,0.4310009492479144,0.3928378585934317,-0.1228738579982732,1.1550907171800269,0.5865180906306979,-0.5614366711579898,0.1912508854678105,1.1024648381819924,1.0263774725629145,0.0846128732784897,-0.8110011269484756,-0.2241648685778793,-0.6254632038707715,-0.0453815546833301,0.1232437318408689,-0.7107732157466009,-0.1636447004781727,-0.4557089783883796,0.3263152222559454,-0.1259499952430943,-0.6637581813901983,0.53281852094098,0.5806989924831191,-0.2123186538641195,0.6037020630446527,0.3182581481860262,0.4949088848887544,-0.1746547841816099,0.6061435457511195,0.7735534333411226,0.8694063574589073,-0.462486782111941,-0.5984260348265953,-0.4786008509992808,-0.228727361751088,2.4569099917677635,-1.0979185594143503,-0.3620549220592921,0.3733417172643353,0.24428030480360102,0.06285954432836408,0.7390110257594523
0.4810063806110341,1.5895699505725578,-0.6128440820490796,0.2193923742176015,2.0342130062139643,3.242446994862081,-0.5614366711579898,-0.4610162657049974,-0.7392899430885481,0.5802635865069051,-2.5896307607777915,-0.3984491617623336,1.940525745005484,-0.4502968001019825,0.3098822199491162,0.3854918877272932,0.0458434556056813,-0.3491739446747605,-1.359168977795846,-1.6437964733745705,1.986439169615689,-0.5272969940728598,1.9708548231597227,0.0711489964376569,1.270550508557376,-1.7579509258028558,-4.342596551062695,-2.271547098101861,-0.8464336059593868,-1.9534825253401853,0.3418230224536384,-0.9701052537641895,-0.0289407088932434,-1.5631892279692148,0.5773873587723377,-1.973310433929306,0.3403652891316244,0.4938425739053119,-1.6906817562970466,-3.2784960630654165,-1.3658014934156746,-1.3406350289130837,-1.2450380418450533
-0.519313179904288,-0.2976250345252492,-0.3023204674482162,-0.6253381293270556,1.225037820969428,-1.1501922717275732,-0.5614366711579898,1.172731522632988,-0.3111907496138736,0.3790049668001737,1.1688175084053118,1.06706082732143,0.0939417599058645,0.7891789174985282,-0.8155859925762969,-0.8248191696879545,-0.4235315639578765,-0.5794783988529604,-0.6373558187141963,0.721953460782751,0.9056147448955943,-0.1789061864867544,0.1465516292462484,-1.446138162417746,-1.082407413404055,1.4783597298358184,1.5482352014370198,-0.3850926460411094,0.8525036419975114,-1.2375157880303604,1.5495010707249943,0.7921756177412628,-0.2944986527090455,-1.438995642078439,0.3214929955691363,0.6273397981183173,-0.175076232932096,-0.4615415170570909,-1.6906817562970466,1.7492958320903005,0.2928118172837834,0.11466040070305544,-0.9949892196400967
0.0680248407474828,-1.099325770331978,0.3580218102931531,1.8627875718248568,0.6325085446200814,0.0812447778997581,-0.5614366711579898,-0.3104264042151631,-1.6939064169321765,-0.2982040345220025,1.0696710754167909,1.3417615899836006,-1.6409826806378958,-0.5482782778219844,-0.5374969900329447,-0.1064979260471031,0.2355190883770331,-2.192905755075369,-0.3960504805358477,0.3573684704363679,0.7870405227675992,-1.0081778861630286,-2.882723126071978,0.0617331170843273,-0.7875697242006777,0.6786112649169627,0.8912613924188384,0.4598473363324702,3.197369737865253,1.472107224641356,-0.3759492072776779,-0.956634398988169,-1.4404958940174666,1.3536386716658833,0.4216632763708318,2.282509905198434,-0.4477805432454233,-0.2291437166037311,-0.8544298891070866,-0.0111541951583525,0.3950831555588951,0.05523614868935631,-0.025478863970271794
2.166094296687266,0.9995067150673944,-1.0853458176210498,0.7810215013010595,0.9809109554381072,-0.3415775820580354,1.1524506222840605,-0.7425196945448875,-0.4355881133059397,-0.4600307177931796,-0.374895030355153,0.2588893679101731,-0.5399676668261829,0.6634060167670872,-1.624508765427158,-0.0853930842428401,1.0774030591537345,-0.3915562639030381,-0.0201763652803994,-0.3186563616021389,-0.7237539281756237,0.7213610834648855,0.9774522144333274,2.3621367382487306,-0.6899848817389567,0.4566794737396569,0.9674110576911944,1.0440426969147316,0.020285967331673,1.5562340771479588,0.2465500613534093,-0.9980041433077752,0.2195606264278159,0.0992974245458632,1.3253654805392685,-0.1151371828676311,-1.2807503622091003,0.6000166463460187,-0.2588052566854136,0.7387567928733176,-0.10548377169281604,0.2164999505685663,0.16844758691593173
-0.8283615566245172,0.3293206098115309,-0.5396986380300832,-0.2435093951558012,-0.6161723482514327,0.3787242250100745,-0.5614366711579898,0.55984148554186,0.8238163801609563,1.3538086088195014,-0.7096669645471572,0.1246376813266708,1.396591542177539,-1.5442292391017445,-0.5472243673426025,-0.7757921214456752,0.977761451441148,0.7064565544657184,0.618459175901241,-0.2295202461156024,-0.0309533285846527,0.6050182920878318,0.2420157005576449,0.1393020870526404,0.1793656862454709,-1.424474517448213,-0.0678148909166554,-0.528779962565811,0.1456114538320677,-0.3936444124560742,0.055462013449144,0.3824199745797844,-0.4441344726708454,-0.1595986635034692,0.327464660833731,-0.953923121542296,-0.3398256292050554,1.0167766668513385,-0.2127740964281835,-0.5046570999096123,-0.019318057108550415,-0.3504639058101429,-0.32071999236251086
-1.0869300143181388,0.8280123963133027,-0.503821466298702,-0.9087376216954564,0.5184946600233425,-0.4843127494713443,1.2526300936431858,0.4215718376206472,0.511568362667392,0.0570817572265202,-0.7463741663643213,0.8576185729362756,1.6081846407850493,-0.5677393561354982,-1.8018914780511488,0.4463661890687036,-1.257519264993053,1.2119112071383085,-0.0146463114246554,-0.1867234028835589,-0.7465310202375027,1.4313004026019052,1.080959821370545,-1.150263528618328,-0.5568591548411416,-0.1548351854085749,0.6120842496879036,0.241163633120324,-0.620513985932462,0.1057002009829062,0.6401181889735447,-0.4732344255672027,0.1236439231181995,-1.1081704913378143,-0.0224084223430274,-0.9969181119651764,0.877403843894861,0.7119917992265539,-1.1194059447345042,1.6061269322176914,-0.24261645545865346,-0.4352093423245832,-0.7852830303456445
0.7521198190473297,-0.0051970894138141,0.2226624556636501,0.4190968827426217,0.5017240603830881,0.2263529018664684,-0.5614366711579898,0.8103754491663135,1.1207026387197865,0.5541447181616644,0.3506251552412581,0.7056512857845773,-0.5633057126379609,0.7643267818949263,0.9412066051238464,-0.7385494218026205,-0.4426169943560186,0.1708203196775053,-1.411386467822112,-0.7850063843101452,-0.8200000614893743,-0.2330180440563186,-0.2797821484185658,1.26404451602129,0.1048875239985497,0.0661403491885992,0.0213690676062026,1.3346393019447544,0.1217398461034311,1.0232579686058163,0.8621224440042445,0.2099808549672929,-0.5220559284529129,0.4308321403721427,-0.557473837140017,0.4631591206078399,0.5956894026550624,-0.0469974472844127,-1.3710263173199824,1.5362145653318415,0.5568312798573275,0.3882752067107005,0.66330232663085
-1.2710893906384944,0.3939079242976388,-0.1360229249341385,-0.6143183801325758,0.2174225258913899,-1.1020343009769646,-0.5614366711579898,0.0805371432776016,-0.1538586285914625,0.1904236052670285,0.8010356106290283,-0.0404668899905932,0.429255240165973,0.4925683159568561,-0.2213031521073414,-0.2742057306256117,-0.0203405319470183,0.9504249469052622,2.019954327401868,0.3041657189153768,0.2985452019014496,0.7438727472545578,-0.4746938625351486,-0.9346679140385048,-0.300175968004013,0.8334499572537367,1.4330431953955531,0.31034497964362,0.5960309872162326,-0.7143282871725823,1.4861283606426825,0.2927202090747564,-0.1211962651353848,0.6533683376189028,0.9325945321490836,-0.3896158031788251,0.741049694094812,-0.4631963880362112,-1.0453733442029098,0.576948311247831,0.07959542627785897,0.024540429402447758,-0.010827859543266443
0.8869844301701425,-0.099213595029398,-0.8220499200806125,0.3616090131049804,1.0302716882557286,0.082204868969716,-0.5614366711579898,1.6734512016014464,0.8555104091050932,-0.5407833246580945,0.5077122863392678,0.725862132070823,0.21325068260935,-0.7902006249836194,0.0098169376634378,0.5609003300995826,0.6481999798316316,-0.1744471686321622,1.3618063390136563,0.6414469547952975,0.0764430270846667,0.7340050181662349,-0.2243881451745941,1.6620580091802466,-0.6490511525577382,-0.2771130417013636,-1.7105596013139728,0.4420573245021273,-0.0656870311883279,1.395011002467302,0.615345906448353,-1.0318693112517807,-0.6625600646847463,-0.0483183025469321,-0.5589568395611378,0.2710373131596802,-0.0751158016518599,0.6943304630341889,-1.0281762737218392,0.0512574189236656,0.8070938853394066,0.5260126009748548,-0.047249067984950655
0.5099038109785923,0.5180614469026152,-1.0034975738916558,0.1147392953356691,1.0426767958603589,-1.5406528598119658,-0.5614366711579898,0.7187594529464011,1.0908143868232607,-0.579174689494375,0.5362895128872689,-0.453022002871535,-0.1623249977479932,-0.1588927974506698,-0.3831247871348621,-0.6465404372149232,-1.2963094595349562,0.7744800821825621,0.1848504512459554,0.549970701472879,-0.0021328729466037,0.2314110543630615,-0.3148461194032179,-0.7879898684174367,-0.161732198879759,1.3114786394226832,0.1789855657424721,-0.6331766663201854,-0.0069235483426439,-0.4408129084633169,1.0596628867556512,-0.1592087458777842,0.0193029701302301,-0.3214254526350404,0.746192987373024,0.3215160793627961,1.189691266487844,-1.3958983899973068,0.1261039221196027,0.3343169140735968,-0.03742741221161711,0.0326905390204823,-0.6207253194980475
0.3297696273402727,-1.8101773394968812,0.2315553208476451,-1.8843615127971696,-3.800350778442039,-1.3052022120495883,-0.5614366711579898,-1.0007941462169647,-1.5705440166438709,1.6557873904083205,1.889079280815962,-0.606698118034729,-1.381834229637786,-0.0906340686392397,-0.4864261443037104,-0.807149257057493,0.4310984543051835,0.3664064964847378,1.4171173651329545,-0.4633116547637129,0.7575849073142368,-0.0453387922614403,0.9303193702033856,-3.2566085148401225,-2.6094546008772856,1.360195215788808,0.7701813033573615,0.1962547215125647,1.6687336115144509,-0.2713934921461982,0.4027094435106194,2.5246648147098787,0.3910956606562753,0.1254832826920343,-0.872084442924299,-0.8971560601008469,-1.2807503622091003,-1.6438616040253071,-0.3589979120070268,0.6726222372334425,-0.19381295693114511,0.4895914165574121,1.1251676685538485
1.2117096550791,0.6313150783087308,0.4410831597579132,-0.7857492062087333,0.9005663616387152,0.6499950016308532,-0.5614366711579898,-0.3273581677726268,-0.3546891036093293,-0.9668633489897732,0.619431026463976,-1.1112557906455878,0.7121599709650622,0.3644770844213265,0.9868072803989322,0.7051781633906995,0.087902699629771,-0.0553960336545749,0.5950690110237723,-1.527507918059649,0.8047822579311182,-0.6869676128065665,1.6153413811931283,-0.9838966290230516,0.7553754988826142,-0.647619622380295,-0.3330968870001762,-0.3174124077254804,0.2636585574329369,-0.8290225406910804,-0.5773708988531939,-0.0082279549971543,1.3918156765290044,0.69504052756184,0.8448731635012058,0.15181166052463,1.240423422045043,0.0688372406226443,2.1046949758927287,-0.8090058929087636,-0.6560521288386696,-0.3362993495657385,-0.5468874329713921
-2.1831940994673142,-1.457628128326653,0.3888816034836603,1.460309446803704,1.190853902885873,0.4800860175312316,-0.5614366711579898,-0.5598031615397825,0.3434578932855958,0.1616900184450743,0.2207518519907076,-0.659715228542305,-1.0191558099732905,-1.084411972376415,0.1973560529445342,-1.802400586407166,0.1164813491420505,-1.6261502320397052,-0.5661963092460182,0.544996927131888,-0.1324689323404873,1.0295776490180182,-1.8000276663940085,1.39776328923455,0.6237349635180831,-0.9712400273336136,0.919571423874263,-0.6001245322896285,-1.7865943088953065,0.2807061189503864,0.0569717236053806,0.0035201291186608,-2.405770150666647,0.5403280279974111,-2.0269298284998527,-1.3737075176858646,-0.8204966295020273,1.5582052999766929,-0.6257767074270799,0.5734988748486599,0.18605087108430626,-0.1889601146752774,1.0781494706963972
0.8373436162692633,-0.4152171164089209,-1.4171327660174289,0.0652522305634164,1.535213195309447,-0.5424982345650381,-0.5614366711579898,-0.4434455416791384,-0.796651686894426,-0.4104107719626064,1.0505455507827768,1.136944267161165,-1.524364048025205,-0.892321220315821,-3.08364419679083,-0.9459052107982572,0.7392962440592016,-0.7096679190424131,0.5443164174327352,0.5742956087236082,0.2007392825361471,-0.0309225203139498,-0.2264633881159902,0.4252896441440332,-1.3171765768039874,1.1427190088842436,1.0509726688483054,0.996916909106353,0.3080376595538329,-1.8894935592931432,1.2513833666586858,-2.5783777362717064,-0.5468018567538833,0.2897411384111018,-0.8698281456979349,0.6607374952605946,-0.8959407954774612,1.1204998171687548,-1.0092345684034103,0.2954484961788439,0.3822003748093276,0.36762043037981534,-0.4303454468739254
-0.2499141906113751,0.6475688431427965,0.4985352868502519,0.8904836683647823,0.845425700722676,0.4427748911154095,-0.5614366711579898,0.8352867898737089,0.2085807064509633,-0.5612876022113351,-1.113983520147432,2.1690325251187623,0.706035785801963,-0.6327451584173278,-0.5860651140685575,0.7003218640031154,1.949094509785936,0.7607967760410097,-0.8043638249257988,0.1365998264250748,0.4494585933033986,0.4227998017342774,0.2037672030252296,0.7465452071089618,0.7143970962527074,0.514564158744975,1.2440865522469722,0.4292328842751148,-1.219914734411725,-0.1843873451187204,0.2788804911266951,0.902673044482465,-0.1439223914678845,0.1538738837303263,0.7993682604071776,-0.3404657538195217,2.5435928931582628,1.4218268357037953,-0.693008445784131,0.996807071638848,0.17537039551056294,-0.18704617228293896,-0.7404381866981277
0.3602232179496054,0.2907195759311665,-1.527338762372998,-1.072516485959767,-0.2781593376375832,-1.1618456566033042,-0.5614366711579898,1.018851816737345,0.2798769038674607,-0.819056033173743,0.3515891224728572,0.6946993168501491,0.4710600901912382,-1.124695725002687,0.6305056902813416,-0.174249956084959,-0.7510065638603436,0.5659679037531447,2.6709546062930687,0.6060745286552893,1.9552932458635908,-0.3762013820319679,-0.0487796359644506,-0.659382549346426,0.7237789815717873,1.0504870846699588,0.0223972919475706,-0.1638193313190209,-1.21371017690714,-0.1021698728438817,0.7455735605178581,-1.267193286745693,0.4649561373649891,-1.324280900224856,0.7292409736195473,1.6409492985701573,-0.4638606359043534,-1.2119723721569882,0.1197111225112686,0.1086774387133456,-0.11434066236848972,-0.2617441350513117,-1.4182774598835037
0.2732437496581573,-0.7045383210239928,0.1676122464736619,1.104350605428612,-0.4104943201014178,0.3890396679017865,0.3149815118133736,0.3012825842384276,0.419525241145089,-0.6424743237347726,0.5937085341999281,0.7823377784220583,-0.3245705566458358,-0.2374813593675549,0.1839581127487227,1.6583070815442555,-1.6030507332989783,-1.2863831468638531,-1.0124233759364516,1.0611333774981335,-1.6717525093554015,0.5510729602415574,-1.002600156758492,0.2379918176911704,0.0871950249317562,0.1371986230212147,0.9362598176200162,0.1143289584320683,-0.6627759114459892,0.3388637103667897,1.4639904137759872,-0.1600850649275736,-0.0033283856085293,0.2840678379747437,0.0730828889232055,0.8974137981311548,-0.8174640438196681,0.2907466498174735,0.7232909468186078,-0.0495776386599771,0.1955953786391825,-0.06350622502079743,-0.4802451804775981
0.9016780702095702,-0.5163797506344223,1.2880345340865549,1.113407006436464,0.6655714213956306,-0.2022683424518685,0.2766925874109455,-0.6583888435201554,-0.8060351662346599,0.9278421676698666,-0.2753124099021482,-0.726371943446125,0.58057478120901,-0.0190320366873877,0.5485311722262819,0.0580886028837727,0.0309496077798957,0.2829414608085021,-0.1085591916229296,0.7869261037813211,1.29799304985558,0.3855106660903541,1.7634081214381938,-0.3036712814809073,-0.2304198559363094,0.2792040261803876,-0.7384715231545733,0.8205074823443532,1.299374318219242,0.3055848161334356,0.4516223866246455,2.290931062966216,0.2987982565945656,1.4524522377127802,0.1634891174382111,-0.329270947080746,-0.8377040789606001,1.236200394076821,0.6663100596562855,-0.7993877598378629,-0.38666306602525885,-0.2587227522116905,1.038573551362951
-0.2265396206699003,1.2329240378106812,-1.0217558617272149,-0.6042660361234463,-1.494336839996615,-0.1952515770363947,-0.5614366711579898,-0.4581470837240726,-1.5955898204748682,0.9046408161158048,0.1406811741362891,0.184952274439173,-0.7809451478809472,-0.3397737637873358,-0.7695332478045399,0.0122854917645262,-0.0749980643114755,-1.073762741391847,0.0748233100918627,0.7086060045589089,-0.7579524428062596,0.5664507773309961,-0.3298831091628756,-0.0226414532517524,-0.8138269833098473,0.4803000985265072,0.5699082316096727,0.4598978854364418,0.594873602989201,0.9977011419004336,0.0707709003708495,0.004031529517277,-1.0669999357170934,0.9082099354558414,1.2326352945714958,-0.7374561126776285,-0.8921689254503867,0.4225181915053919,-0.7630155340192484,0.2999173598131912,0.09375637092759859,0.020849160244739255,-0.4579548360051503
1.4145774241069382,1.7345393234160644,0.7352508915835996,-0.6128231495169861,-0.3851869901022748,-0.9222597166253276,-0.5614366711579898,-1.3363638942061202,0.1511021320553147,-1.3889230610026708,1.288998930539982,0.3845842328057121,-0.0710373717113421,0.7882197732123534,-0.2220242779755113,1.34043571865372,-2.173060138582916,-1.8769817321013669,0.0661141871094534,1.1483593314004108,0.4088075217836099,-1.7528144028997918,-0.5133374001312412,-1.203348163910897,-1.9285364633305988,-0.1866799997666453,-1.604118468050096,-1.736081871666418,0.1579403313135342,1.31094191846459,-0.5549409647737119,-0.0696005253766793,0.0720952839455294,-0.9633972121921012,1.6254990635946691,1.8598104845056596,-0.6689495100053245,-2.623563052233848,1.3335481079894151,1.0081143807077824,0.26808419320377797,0.1288215937195671,-0.797812760189158
1.2356438446299034,0.7308250609211939,-1.4677596442408158,-0.7355736316596443,0.8573537777922832,-0.0519609487848747,0.289469263418699,0.0272561592353852,-0.3259672113848175,-0.0536724553218698,-0.1694352246039553,1.3199915411058845,1.8009927368532814,0.3191310406363691,-0.2399947960794641,-0.1394408827293872,-0.544206509456572,0.689683103066142,-0.4114634865034786,-0.2196384240283755,-0.0693633328450505,0.765454950543715,1.3764544406718937,-0.324143261462674,-0.5297803643148312,0.841986785244089,0.8731248344362101,-0.1033140281547562,0.2994342898301866,-1.322416934670585,0.6025825434319378,0.2168558614753135,1.0180727432641212,0.0739092452619624,1.3028478365965492,-1.31891693871268,0.463349100105373,0.6278237217782143,1.502121275145644,0.8384562474556895,-0.3039376096638923,-0.22358692856971224,0.020405463418048046
-1.3532493164439372,-2.2877917021671674,1.425129016686142,-0.3071988740400901,0.3415727351206385,-0.1244139453755268,-0.5614366711579898,1.5477632094420664,-1.2373219875612405,0.3177914293715381,1.2747284420438392,-0.9260801000382796,-0.8387966576749984,1.3921721149522135,-1.6505306722387585,-2.16062037368601,-1.2136615419781058,-2.7776768525888045,-0.4847202314013623,-1.556658669902259,-0.7060423405326913,2.7900161322388053,-1.5963261738038297,1.138742917558917,-3.3168892294151338,0.8803923956197146,-0.0711066365113151,0.8413145661098849,0.1034182209737389,0.8361214397693487,0.5634718962017446,1.1193593722262696,-0.7299518195625622,1.8616041130873808,-2.1178928443198317,1.444533476965234,-1.2807503622091003,0.2798123927265253,-0.7946241519741268,0.6435825240223018,0.15012270273558545,0.725533415426086,2.8821783323718457
1.0196512162465532,2.0788512497027787,0.3652740132199121,-1.0293390584718587,-0.1137108214141374,0.7238230713596809,0.3808521063844354,0.4505572656764581,1.3117911367458766,-0.3862435344342788,-0.8465061488783693,0.2595282994007107,0.7927782147125301,0.2744998448095139,0.4739989317409109,1.0833049657624485,0.5819050253160754,1.696875672588345,-0.8799971215077523,-0.075899189257241,-0.6275156844296184,-0.2673848095599167,0.98371096693384,-0.5929843537461972,0.8674386178360229,0.4471622555776998,-0.581232121437681,0.5118737885677956,-0.5345991388022872,-0.4929883286169935,0.0804476544720126,0.2168868285694114,0.6736608280707851,0.1186826660562659,1.5969094707572749,-0.430307582314915,-0.7826439706606573,-0.6101723752940568,1.0462062540261643,0.0994008219147434,-0.28999760642195976,-0.37791658894632574,-0.8249272001543604
0.451931896342134,2.016246787084196,-0.4923836359337781,-0.8809144747722212,1.6555076713093864,0.6473525648515046,-0.5614366711579898,-0.4908891929020859,0.1628952229557319,0.1752634745216021,-0.4147160319119986,-0.0049772593004955,0.0176598282375056,-1.1030809404489197,0.7453492357925895,0.2565068473874178,-1.2803965007493927,1.183660116106091,-0.0999673324349888,-0.5797974341652825,0.4027606890361107,-0.8116755673167984,1.6327832389253742,-1.011401098555322,0.5143322809377763,0.0610277440234297,-3.3146183920064987,-1.3369861790479536,-0.1827802091602141,-1.4315532254015444,-1.0237077937703754,-2.032012095946476,1.4999991963841492,-0.9261077027694284,1.3157451036245993,0.2955702163581767,0.0045002536711537,-0.9734447731359992,-0.8867939798957573,-0.6881786717032066,-0.43386317923312007,-0.3476088550334513,-0.32000806317290614
-1.1351859268953244,0.8980087418624608,0.2544008406248175,-1.0223056269120323,1.1917724157527612,0.6370731664092061,0.1842356362863317,0.5921871821764771,2.157276133655879,0.3100855378033026,-0.972669995839123,0.0585072369947637,1.4962863235844903,-0.5447957344759312,0.0402393178312217,0.1299220736486865,0.1261014711878425,0.949230049355824,-0.503565262524793,0.15106557718513,0.6670157241571454,-0.0044922039424115,0.3797531571761051,0.4144992671464427,0.8749202397242761,-1.3167806617810829,0.0998222707024562,-1.2381286275512426,-0.3734776276001149,-0.8533111313168071,0.9878226133641056,0.0567762354595474,-0.3314857869012046,-2.10306059562817,0.8127341500908841,-2.1154829750520205,0.9229342800592162,0.0306738134000626,-0.9943996347604904,-1.0275488367633254,-0.015181795597100634,-0.1810019896146071,-1.40648591831162
-0.7233600735711954,-0.5702893256403119,-0.0285069397905348,-0.1297424474573386,1.141056335217133,0.2431914887989172,-0.5614366711579898,0.4553786229625441,-0.3235185392097197,-0.5223150755754411,-0.8606722875562246,-3.3070615520627205,0.4285142583017453,0.4213256622880393,-0.332758441100928,0.6481410500113758,1.839586765962308,-0.5798353968887757,-0.161289057749929,0.3654730299647978,1.747299765354268,0.121003443663012,-0.2449468675562713,0.0551151069783209,-0.225608412270816,-1.0097476239205971,-1.3370128401664672,-0.1551460303843195,0.1001296382566865,-2.174549926502876,-0.6518808661757942,-0.1282890744163214,-0.9422790919810636,0.2382079515167757,0.0167198560634641,0.4104791294093525,0.449010129165207,1.75163803537706,-0.7040933095107464,-0.4887737763456835,0.005957277225541442,-0.2899167555534927,-0.033588453237839065
0.0282797099067923,0.2090576025086132,-1.2954924909824077,-0.9433047096617516,-0.1599671992092645,0.0088626869783024,0.3525004730551352,-1.4361672177621838,-0.8191510068549361,1.2371251732384174,-0.3156219002934436,-1.022958739652121,-0.2574296984018812,-0.0264555953750243,-0.1741777722477828,-0.9660669531250892,0.3763326154880644,-0.8809400739350354,-0.2380794824640387,0.1819441921031291,-0.057430982371964,-1.1438251482157076,-0.4964456127647446,0.8728320785034527,-0.7929727765517323,-0.1239547791385829,-1.2468635212292511,0.6353370482663431,0.8431787264697825,-1.3510190961713695,1.187677657705624,-1.2797827455706072,-1.088652182756142,-0.1904242434036975,2.1124922856306183,-1.024313653326403,0.9008918904528276,0.6320618031389462,-1.2056588400001913,-0.5298630904028085,0.23545994881793084,-0.007808483265209908,-0.2104421921837136
1.0044009071486466,-1.0266002555090925,0.4927903289208706,-0.7049040662393068,0.4224748827196019,-0.7991404693819859,-0.5614366711579898,0.2209892752538131,-0.2306018715504114,0.4127279105898079,0.2077522337982173,0.8019615882853547,-0.960345063439882,-1.861226116347092,0.5821813885003917,-1.1431489358891265,1.0576816981756358,-1.4616732828767651,0.9525238930428128,0.8926592017002224,0.4662670422613034,0.4696970371111283,-0.8778343322790233,1.5866940767205002,-1.076870027594519,0.4710064152274129,-0.2322635389413834,0.4456770998770949,0.2250181505238236,1.2985401476504497,0.6086833953278095,-0.4550367715576396,-1.4773589183777318,0.3217863133688544,-1.3150681572005982,1.2210703315896432,1.154691186732282,-0.3136098894175986,-0.9879819574421018,-0.281971792810486,0.4157229603855809,0.14139230976483064,-0.35380025732891146
-0.8235813192229633,0.0219155691050937,1.4054969677507887,-0.0716941447549187,-0.0774331797038729,0.5620292906498298,-0.5614366711579898,-0.8129209587930316,0.9732330551199612,0.4034862387805222,-0.8088461234282208,0.2405256920105627,1.392819157560403,0.0757109379410096,0.998269378816072,-0.1893193263685603,1.023683252697592,1.322629657783494,-1.3307889144088176,-0.2689995318885347,0.1396236121615962,0.2914810572544651,-0.0308492871153197,-0.3136402193489518,1.0990537119844233,-2.30613119026743,0.1649088505829067,-1.0057400688011748,0.5327629898792652,0.2719347339694268,0.0333834125066617,0.4072359171551873,0.3659106876633413,0.2738918112192066,-0.5444325649212096,-0.1501785885332083,0.7403761397270804,0.7657034588391652,0.2057695415981874,-0.7016465135118799,0.13848229704122025,-0.14702688324884955,-0.47396721693049465
0.0338186948298243,-0.9413132722689884,0.7279668051879346,-0.8371226723409055,-0.7514304221186893,-0.6352824493601686,-0.5614366711579898,-0.6559927917945996,0.9998283188904812,-1.0675665743754243,0.5726000176079475,-1.6069426693355453,-0.8229863346730838,0.5407046351386431,2.6216730010929368,0.6851576427360448,-0.3617424326124543,-0.0300343754142855,-0.4500269419223799,-0.0714083327424146,0.8772441136543567,-2.0822794154309263,0.3300646299657904,0.8338539379453295,-0.6452501083329182,-1.6435565484708727,-2.4882750380866945,-2.068277017261832,1.1218165876408817,-1.7798525728826204,0.0605182044591227,-0.7887017698741271,-0.6524199975192235,-2.5229303855836656,-0.4679775596161,0.0202129036196925,1.4121689164626918,-1.3694183603703218,0.1640232054956848,-0.867395218517512,0.2270310043404788,0.22090615641982733,-0.2181346450997526
0.9063145369881334,1.5958911641303806,-1.446986093235712,1.1416209276179503,-0.956019121085792,1.0679140561824827,3.470078902904697,-0.870889365358497,-1.0840363798987394,0.0228051029677504,-0.6409924172450878,-1.5260824253335203,0.7668748041108866,0.8752160693687661,-0.289043804683426,1.1282019639392704,0.0171616154243916,-0.4881325141835786,0.365489998471927,-2.381007005473684,3.406697501143621,-2.46556204957278,1.0965087909490672,-1.1719117392175018,-0.1380411750665629,-0.0816392710108133,-2.83690236882408,-1.4952189910075817,-3.887229461634978,-2.143454602230571,-1.4198732309723303,-3.009086710655966,1.1966370163322877,-1.8823969304124477,-1.1697829555282335,0.9537411958666552,-1.2807503622091003,-1.6673562907554211,1.4553543707752694,-4.459391406619227,-1.0775601975682583,-0.9907009549669794,-0.6073600759193173
0.0239071231460352,-0.4422993882003974,1.4714685647103931,0.3234392298920343,0.5316745256305695,-0.9802599767232898,-0.5614366711579898,0.6247043489651436,-1.378862346865118,0.4311106916226754,1.12640734958343,0.2808569758814307,-0.6270429703111052,0.7738161075193104,-0.247680378858766,0.6686100524849028,1.6211415441632773,-0.0589363042140709,1.2374107825158993,0.6333751291699887,0.7743211030715748,0.0001168285988695,-0.8264744641793146,-0.6949096531440208,-1.220788537002966,0.968063943192979,1.2015629112574495,0.1544873398569901,-0.6907790427223764,-0.8795055422224048,1.2387772755525932,-0.3403385497850681,-0.8174134946934822,-1.3106805745324177,-0.6723763773780747,-1.5989753744512405,-0.9430682934924706,0.0436698725396854,-0.5149221312443136,0.9873470134054904,-0.11072538686465859,0.08250380879707177,0.44567191760879726
0.4758116340595259,0.5844861204319137,-1.9847252560874,0.1924333972137539,1.440915879030506,-0.7630467860141849,-0.5614366711579898,-1.4696864258078457,0.6920226441248061,0.2709812552299014,-0.1291881171772785,-0.5678910048617406,-1.6941369295503288,-0.4552052138997828,1.6171684726791025,-0.2172525973212691,-0.5201762678950084,-0.5633612872298247,1.493207283163276,1.0161884851221243,0.636112455195219,0.1307571281089239,0.8628823308544131,1.4580160121135093,-0.8915079368972142,-0.7364263069310221,-1.4785301590685092,-0.3078537903970423,0.1035990080543284,-0.138359962730894,1.8714329632069115,-0.6076586116808531,-0.1448190567138962,-1.6041768571852892,1.39269887787875,0.4029702328112268,2.67906974794404,-1.4779780335042978,0.7126204576075245,0.2164649246417596,-0.24672691778621053,-0.11838318561493101,-0.5055506845448178
0.0172091071036148,-2.2877917021671674,1.3438432717938376,0.9125390286116748,1.0841085936740809,-0.1747639688942509,-0.5614366711579898,-1.053681942839165,-0.5616882360223023,1.1932416966713737,0.203199133207506,-1.3534615620794228,0.0353181554508404,0.3962928171029187,0.6469975108201513,1.2400193632756955,2.0437555791987108,-1.6116153592101237,1.97401858972892,-0.7553953150130238,-1.309232279596038,1.1834238731780364,-0.3999884776751574,0.4253714752985837,-0.4501464685247983,-0.4364477069469435,0.6655621043274638,1.5708492766426976,-0.1519102666696298,-0.0891170324536334,1.208678931660327,1.172299966613881,-1.3915918883862728,0.5645859534888359,-0.1788977544224875,1.0556312339224068,-1.2807503622091003,1.952840594376531,-0.3901758987265267,1.3001433926547,-0.26298954345784925,0.09660190105222036,1.7112108420510015
1.4094583173924276,0.1729994559861785,-0.2151157977552714,-1.0552778239101976,0.4468682459642206,0.7599528200857859,-0.5614366711579898,-1.40882838795408,-0.1500814657469048,0.7275500980135577,0.2269620452593716,-0.4506071321221211,1.1978147978106706,-0.020947383614974,1.1158978202294385,-0.1197805867543357,0.6336851232047374,-0.7867740232485028,-0.5241944688534347,-0.7575129446640879,-0.701785477393351,0.2071764782097691,1.5029479218101038,0.2694283193624685,-0.2548270560579019,-0.5205131135670948,-0.2415952298488834,-0.357019463545045,0.3459219273133456,0.971863833789772,-0.4578496475269606,-0.6292712775154631,1.1720291765037822,0.0999516541306017,1.126842256791066,-0.9866520480250536,-0.5392367244659614,-1.212657630775942,2.1730720013130886,-0.0130245614617696,-0.4331850755369109,-0.3320658014822954,1.058154626803498
2.44077790150335,-0.2175477414975619,1.2099830808819434,1.840736042147136,0.5641541399160139,1.3164927657824617,0.2815126724055825,-0.8736709144733773,0.113913304884006,-0.5923202005787417,-0.3256586272974647,-2.70374284252457,0.2365689597476583,-0.3285977807746441,-1.1518043311468322,-1.1444994599623406,-0.0515584184393118,-0.2533122462776653,1.4854107884913512,-0.1910130527844897,0.6138578789909714,1.9432791372852467,0.0204640411835376,-1.4106135269773918,-1.865485507357913,0.831801275800842,0.7850052827937435,3.2885003354033677,0.958824468881428,1.1249505674819424,0.4317397036081791,-0.5671196964651618,1.21512215269038,1.454279437231748,-1.0189826290430637,-1.176596814430545,-0.835156117867508,-1.116909584472184,1.088702275376821,1.133503811416249,-1.0985795275099195,-0.18542987082076956,-0.40192522390954
0.6233056053945285,-0.8664602786017792,0.6560003506374179,0.4868523992060792,0.9935868189183044,-0.3332915888231214,-0.5614366711579898,1.031896410035131,0.4145772320619245,0.8688889271613764,0.3824657723747673,0.3194701690012072,-0.996597355209914,0.6544339857535793,-0.4923373598200624,-0.5634087650856509,0.7381266591807653,-0.9293497059994162,-0.2726944077249036,-0.2398537576354054,-0.8137759131113443,1.9442281340324548,-1.126759039065828,0.6113007439756402,-0.119274587242475,0.1819431075069903,0.5518351570448141,1.1296120925373323,0.2580567073243341,-0.7831987015553276,0.3565880975750727,1.377814614193306,-1.5496704860646473,1.0701572478846255,-0.5140338076009286,-0.6991956931736327,-0.1583465555126246,1.6227333998297586,0.4183100055151744,0.7067410819291579,0.4997480311243465,0.5460407966145687,0.05974395690180955
0.2520000101083945,0.3835952418055265,1.2371213311054126,0.2599046042181734,0.1408910575386373,-1.0458849183221897,-0.5614366711579898,0.6127410634808239,1.345865803342861,-1.04450398583186,0.6672854809592462,-0.4377343604360699,0.5195643877852438,0.7808238019086594,1.156224228538422,0.2901391915712651,-1.748049135704128,0.5664413260650623,-0.0298357861096873,0.6386115016878486,-0.1820067060848711,-0.9052878322805092,0.4026076096439209,-1.1978351374453808,-0.8572024930344713,0.8821468508127105,-0.3676749215880522,-0.5344493498731646,-0.3217023268551793,0.1228547348430201,-0.4414996665485811,0.5451194358208634,0.8030869508992043,-0.3157359344916663,0.3722160050200437,-0.328216007216165,-1.2807503622091003,-2.096648580720328,0.1313425517038455,0.9177847064855412,0.07222585226714139,0.10268844723224489,0.4814993100171345
-0.2060340104608973,1.3071104873296004,0.4494221410191395,-0.0109630787027911,1.507317135215943,-1.4419435180196,-0.5614366711579898,1.002869197275667,0.0068770798819122,0.3184139163437404,0.1261936791110993,-0.3767396428806737,0.4874845155273482,-0.0746316636895037,-0.6489476581096392,2.4392940045913862,-0.333180011492643,1.0959406984898168,1.1834613658730362,0.0009787815024749,-0.3458670871298007,0.8501971079305075,0.6068653588372867,-1.1614386068131344,0.0423110089670509,1.0598269273044885,1.0898085654075829,-0.6060748449980272,-0.2901209690841548,-0.4225652371971509,1.2673415687716727,-0.5815570632227154,0.5264126384245502,-1.3547217715840505,1.2558945830860948,0.0445325809153283,0.3882036536361674,-0.950532511830376,0.0836970467726037,1.377723560907367,0.05874926887848527,0.2196046852011837,-0.6219833918918011
-1.1391773353995025,-0.0250231124440387,0.3768474977981305,0.4173543140544518,-0.6184781918700281,-0.1559001889489884,8.009437858734522,1.3506140139324447,-0.1957672449583542,-0.0835686084214197,0.0827684772041952,-0.9762406948660256,-0.6299595390639855,-1.0049788382481726,0.0640959483172694,-0.5478436283754433,-0.1104981407870595,-0.0016652470786507,0.3742205105516685,-0.8791261689366073,-0.0922425564418954,-0.567833639929534,-0.025339878316729,-0.4654402627957273,1.1473934094992118,-0.1080001456355345,0.35570331603215,-0.1518030295927654,0.7377608106053561,1.291862126346083,-0.9033867890260816,0.7937813534452097,0.7148801473251953,-0.4725302714698864,-0.101784477171829,0.0930274834005158,0.4179917440604023,1.1352706122469416,-0.1262384123824173,1.224015516146925,0.20356465569599738,0.07094743021820021,0.11012673577082735
1.0786945813010496,-0.0992661822863259,-0.7498658361178486,0.3982541826543042,-2.7156078695912,-0.1630572205985095,-0.5614366711579898,-0.260493778829052,0.3125757222335987,0.118747936899239,0.8745866951398124,0.419561011054139,0.9954671406511104,0.674669751625009,-1.03904309635618,0.9729912461665896,-0.6369720378391346,-0.8676252865409732,-1.4146131197660434,0.2913248867168345,0.0983210680615586,-0.0682153865419285,0.816118585122061,-1.9623371557492555,-1.2845052798526768,-0.0686444530262238,-0.1332482551054304,0.8459963053743802,-0.0839552250955074,-0.372308941245688,0.0058860743431099,0.3783146154517928,0.6538673455918147,1.3657147451862552,0.3224089568497806,0.2475669472905214,-0.1031299533772958,0.4779201448780881,2.3270474902551563,-0.5184809662287433,-0.27473691713216203,0.2344695786938551,0.2996819910694583
-1.6421118716439491,-0.4775642446044788,0.7137445556267279,-0.427675260876051,0.2581399709778658,-0.0027392234242792,-0.5614366711579898,0.2343405307155557,-0.0330225821582795,1.331121341317991,0.1318357550554976,0.4269237979481355,-0.033692101476529,0.9103582566320936,0.2155403527142594,-0.0389445291551412,1.245477523450312,0.2173801304714211,0.192412480044931,-0.0637673979941691,-0.2136759687501573,0.1280082898946111,-1.1182728027482054,0.1900636600876528,-1.3935018500373548,-0.9730826712238108,-0.3412469860149058,0.5845511677450957,0.4927136910357327,-0.1456333196785705,0.1656209447830036,-0.3657554361710841,-1.3473731103822226,1.013224965890235,-0.3205419321670891,-1.1569909443238295,0.4277016952536789,0.9735245636967328,0.6314152615755921,0.8435176188888011,0.4956455576754097,0.24985887778377502,0.11780262236558554
0.8086888441433167,1.2612348487101823,-1.1677105502222995,-0.3413088602232606,0.1031170600616005,-0.9717973078657288,0.6943387450273297,-1.9229636403643264,-0.8281969772764238,-3.0026102725177184,-0.4635333791294775,0.3908839144438329,0.2946937661320531,-0.0180091962186288,-1.0949975958932447,-0.8730594591574761,0.1198468888301958,-0.1927094641161994,-0.9787716741103876,0.0351407114896107,0.2078545276684419,-0.7894577738188792,0.0437815492627136,-0.5489176234924673,0.3588936690990322,1.3401279003440727,0.4367318284161511,-0.3880826790703895,-0.3515268594839491,0.1223811593565269,1.5949165829357024,-1.4868018320493754,0.6592911789693254,-0.6323285089481269,0.586422767345656,0.2303298571238421,1.614190903723553,-0.426361572153884,-1.0242465879392686,0.2140624383370761,0.013525284654322662,-0.1837795321766738,-0.6891577599561052
-0.7249812310820196,-0.3783905795353288,2.044331744881699,1.3412960420632347,-2.191219726575119,1.0143790284513163,-0.5614366711579898,-1.2994894245948971,-0.7195559835402143,0.4294893431440602,-0.5781265669181263,-0.6824241286547541,0.1335192618202291,0.2374081667103997,-0.6781896496216745,0.0643944204502711,0.208037722133526,0.836802794402291,-0.3478324376566574,-1.244115330581817,-1.3175922006164722,0.5698900763446225,1.9369628283461235,-1.7864525645828746,-1.653591374625314,-0.440716640417889,-0.7484593973121569,0.2386950820033116,-0.6454759067804339,1.5466809343658652,-0.3466224645870632,-1.3962936040452882,0.827881276869974,0.6550354586057084,-2.504496044883151,-2.0814994590597298,-1.2807503622091003,-1.3488861749883445,-0.7618132302520739,-0.7982998076963428,-1.107936278032972,-0.7192437558092413,1.9671581139116783
0.3610522401549572,-0.7304427617637619,-0.3418032971122702,-0.3382294330581844,-2.07188311638474,-0.166284375204977,-0.5614366711579898,-1.2693160648057635,0.3863980916355752,-0.6677537005742058,0.0314241491196053,-0.5837364589013145,-0.3310895373270736,-0.6657557535500825,-0.2685054420879852,0.3256118931252832,-0.496501994160476,-1.6268897978921262,-1.4962045524311944,0.691917932612605,-1.0816036654146255,-2.048397781907699,-0.4053094111394977,-0.6802223874835478,0.547726187454702,-1.19057340882371,-0.6616630149757627,-2.3606240172713724,-0.1511849823835759,-0.6219643872280577,-0.5431934926594585,-0.2961882887718891,0.0668461411769786,-0.513301546978541,0.4315455071037262,-0.2860217927853269,-0.5589345785641769,-0.4602467558253802,0.6545779081887738,0.3441086654463213,0.4046620507688606,0.020327491484332966,-0.3469505606021396
0.3021288475196129,0.1941071372231092,0.6208120205075327,1.0824693016731963,-0.4261905606108772,0.0082641243593981,2.8144917779641387,0.6356828804496315,0.4822820249271828,0.754963676559104,-0.578563064201967,0.7156358430617229,0.6719155834159118,0.3256162932713894,-0.2384053082275742,-0.2221474469764717,-0.4418626464975881,0.6876723322637891,-0.0949251742718799,-0.6152233185740043,-1.540596372354217,0.0219932894725769,0.1682214014335084,-0.4022087644923639,0.8796146758383072,-0.3343583045545082,0.8922386499916883,0.7604896926254485,-0.8687199572182042,0.5129923746353242,-0.1321016561839377,0.4703955155204309,1.1207099434498826,0.2617247826332693,-0.6528089216868815,-0.7819111418214194,0.7864791149712309,0.673572941659665,1.81604541006624,-0.3418621311084677,-0.09574073001891932,-0.19091702391878906,-0.5706875082004833
-1.66695780244826,-2.2877917021671674,1.8001778480801631,0.4027587347800232,-0.3116795027275496,0.6891734822568328,-0.5614366711579898,-1.160088724410603,-1.917781122922599,1.6273998158052358,-0.675449673967835,0.2729536557991612,-1.350607700542943,-0.2542074259757032,-0.9901643836553612,0.2653761943533366,-1.056913199730415,-0.9303700569435884,0.4202494005999273,-1.34675086813804,-0.7307783240942862,0.4600220366579131,-0.8856526732059711,-0.3415732052162669,0.8845212492436348,-1.1089570579594086,0.0311086714958228,0.3815723518275704,0.2363757140423466,0.3907040102547017,0.260570553549469,0.6786968426819164,-1.621836537744724,0.2438333242056014,0.3188448990354392,-2.626951978874072,-1.2807503622091003,-0.0874402944285675,-1.6906817562970466,-0.7422417788298598,-0.30747073469191993,-0.18221051060632,-0.04648821198100069
-1.0352738161621555,-0.0817847307886914,0.6538393448946842,0.0563154530948422,0.1918824621523298,0.0507837123384971,-0.5614366711579898,-0.4454694058263694,0.0366878037533175,0.7209402974964451,0.1654440962063359,1.2007382584716642,-1.0691745016061829,-0.9185691760060798,0.4796181318739801,-0.5129504945950433,-0.981031242748424,-0.9726735029313917,-0.5964532443858092,-0.0695464315106359,0.2969792833102767,-1.993281882602219,-1.0410630204055813,-1.1057893554624942,1.028268873620834,0.3091595776491744,1.063736527229555,-2.1583033714525297,-0.2671992996234756,-0.0664636480476396,0.3779322410206053,-0.5946794735386345,-1.228981765926659,-0.5074218970235947,-0.0679855019949637,1.0644472883232536,0.3051568195201465,-0.6174105430051983,-0.6578918182146802,0.1665501267877905,0.5441608997020182,0.18072363173917055,-1.2303999096911493
-0.9127483980404248,0.487401057554102,-1.0255705186389337,1.3038311406399323,0.4560858382114278,0.7450029544823985,-0.5614366711579898,-1.0078800980952087,-2.2864863548331638,-1.7452191490429712,-1.7517582387967203,0.0459970655701735,1.030330949509108,2.0668692693101525,-2.0253537462705804,0.5614536367163845,2.7490756586538256,0.4276660503997334,-0.0949999988865821,-0.5824463363747171,3.0027676369678225,-0.7122846200683992,-0.0427245847249304,1.6852475479195062,0.978894486390612,-1.5252698219784373,0.8649907328895275,1.671508934551283,-2.633887053871244,-2.0814728039725114,-0.4551140170718792,1.145164761244997,-0.2021180541328951,1.2504731416132582,0.3483619689696718,-0.4519719926534664,0.0932375507748672,1.658719395563222,-1.6906817562970466,-2.058479787724907,-0.7161426487356614,-0.9616234408439726,-0.511436201056077
-1.3394308360383842,-0.544528086792887,2.3013504975555388,0.5811478083330084,-0.7633818470059823,-0.7071940576138345,0.3865772610849817,-0.4320044758848592,-0.3953563459896405,0.3134499571709244,-0.4996989166612419,-2.5658902489198807,-2.103521506009041,-1.110053130625555,-0.5903066511888773,-1.5748287401863863,-0.0410501199663291,-1.0848493407519595,-0.3576370747254955,0.3260018876887591,1.1478356037665034,1.0606141131996925,-0.325990071776111,-1.1903704923491043,-0.4651101206077161,0.186068822102117,1.0754954990447243,-0.5938620944411571,-0.4094630481565258,0.179219869966235,0.395863881468347,0.4292134074285598,-1.2698115844978477,-1.7839814544409671,-0.5660169872013515,-0.5893100561458016,-0.4226509641122977,0.1860445031767658,-1.6906817562970466,-0.232731125689061,0.6572748693503268,0.46600121009246154,1.752875396409527
-0.7075824238370787,-1.1584498120590276,-0.6511739137317377,0.0963621683876225,-0.1033029190794028,-1.5839078067130166,-0.5614366711579898,-0.6555774997818692,-1.1064782991369149,0.5865334637457349,1.795566729962122,-1.5177842146940657,-1.521426586219388,0.3576927877914733,1.3631182504057089,-1.2501442209439737,-1.1212116214976444,-0.0969938711468288,1.5848928876213828,1.191180050399214,1.6400502728441433,-0.3210207214885957,-0.937759392320192,0.2078907652702916,-1.0536382358298486,1.0005898958624575,-3.142017668471261,-0.9942534204849204,2.0495776423812195,0.2741445500735185,1.0406875269549123,0.2733811208499221,-0.7146798371021889,-2.8307050525684976,0.5367027018980235,-0.3492740629312348,-0.3620079818010601,-1.165258308101213,-1.0076262782241594,-0.077718040383774,0.26894901239155644,0.41855827962763253,1.1038710025182499
-0.557116215069536,0.6833314902516748,-1.1652823885085926,-0.1661513549513115,-1.7057109505203722,0.106827747989283,-0.5614366711579898,2.01537614542611,0.8656022437411406,0.5050841157160316,-0.6727054243833923,0.2870022572008594,0.1047798405778486,-1.0758961491336103,0.5016963922174336,0.2798610333918322,0.7570482469586306,0.3980017729900066,0.4329661749875342,-0.110776959990417,0.9959676247156616,-1.325302480787551,0.0484842967228236,-0.0648938168271421,1.0447705955844304,0.2130121088859374,0.5847367707989887,-0.6921295892409318,-0.4394783418208951,-0.2732375140357246,-0.24020324718198,0.298406893107134,1.041937286975356,-1.4978134970609938,0.1016956522977926,-0.0102733888973357,0.1534650239096616,0.2087821239125254,-0.4351473351338677,0.4578257757844522,0.2640874913771225,0.06218906727626314,-1.1325247583016607
1.5413530842116387,0.5518605993155632,-1.4518288278472902,-0.6692138701694158,-0.9851314191530026,-1.5633431878404302,-0.5614366711579898,-1.8964277857640568,-1.5112031976556513,0.0123737347571725,2.1857112866696062,0.5577548574935906,-0.5252123357697285,0.2477261779529932,-0.3010049525449746,-0.6504390026534055,-1.1825903886895288,0.605661512976386,0.7751170943400866,-0.124595416068047,2.392136543682281,-1.123214371043431,0.0504829743770298,-1.2444403290723878,0.1777403373839284,1.9111844979619848,0.3904985600773796,-0.0229934657555287,0.2457356440264451,1.156575012225921,0.7967788904190231,0.952137048683281,0.7577633253963995,0.8297318842248977,0.5385673893761962,2.1640070212979152,0.5623107939356138,-2.0907177409679534,1.3698649024890903,0.9758224143738516,-0.6171056218108485,0.3566391621197659,1.4952348368778232
2.0685824767899947,1.047732066554568,-1.2268868651245897,-0.7092594616184671,0.2928296472644675,0.9948699625490084,-0.5614366711579898,-1.148994095770508,-0.3830168545832677,0.1109014482809407,0.3236663168524783,0.1208136768896922,0.4884130991727944,-1.0605176408166987,0.738513216412283,0.448387654951381,-1.04172095415404,0.4868737491236554,0.2875678752931002,0.5195113288211153,-0.431862973506046,-0.2143173540772047,1.0699110136216796,1.0650735485859095,-0.5109646991123704,0.2310687901000533,-1.194210566422342,0.4136842200518473,0.6832056619810766,0.6288338278139034,-0.4946253108837613,-0.9887837594843708,0.979302994086478,-0.6156924760697758,-0.0550477845385825,0.2657324834037157,-0.1385614758403897,-0.226614013173011,0.6060777996490408,0.5931428516634447,-0.09555320728614411,0.04855324290367395,0.3596612637093446
0.2050110385891666,0.373004017980553,0.9527730921882934,-1.4204930384342598,-0.3041951286660602,0.9679418734052926,-0.5614366711579898,0.788865110012369,1.1702339973020155,0.0259125192144304,-0.5539380165284092,0.6569440205335135,-1.5200853906859046,-0.9811776383460804,-1.825876029572296,-1.147935699584092,0.152275740787946,-2.86258472502988,-0.4823868622715198,-1.3034609163518531,-0.0654540725879151,-0.7105706137557909,-0.3750182033687018,-0.55317196323154,-0.2243614888901465,0.4777176139377323,0.2623300193467141,0.4247479879818332,0.8979859282238314,-1.3181979007867144,-0.0076202117948169,-0.8230155720879591,0.3962850698872098,-0.110320963635148,0.5829345860826297,0.4773959532088001,-0.3610457742543507,0.0739726306451323,-0.7673533698049663,-0.0307297925530713,-0.006724000688888411,-0.17613008983885164,-1.2479361633842927
0.1017300253473067,-0.0129099332551129,0.0192034940994029,0.3038320999119417,0.5346661567074307,0.1821048415698692,-0.5614366711579898,0.8454115749628155,0.7655012518690164,-0.0783956956885757,0.0794273136896224,-0.5311397880103483,0.8861768547831806,0.6931404933500197,-0.1023280723682492,-0.1826338133686759,0.6854289561010459,0.4897683678158558,1.3768107709677886,-0.0375287956996698,0.5371003218740444,0.1346287433813603,0.4718146716249501,-1.5467785500515527,0.4789968370765918,0.3717705389553943,0.9777331263935444,1.181126716196606,-0.0495509100946831,-0.0547841790631294,0.3202711443160722,1.184535440185088,0.3364213752116642,0.2928770301620037,0.995272183201112,0.1296440268823142,-0.1180437928494035,0.6342075393101257,0.9657619129838962,1.112584417456735,-0.23574559403880818,-0.2040907261969781,-0.24979216612813546
0.6022893151668448,0.3756641897658376,0.9114598440383336,0.5119735688923639,0.9112014099414464,0.4429781677573557,-0.5614366711579898,0.3536908737572153,0.5653309836839947,0.2541748168500633,-0.4932814109144193,0.7888577560738764,0.84302700406078,1.932181273554162,-0.2080136252216899,0.3862482997625612,-0.5758074435732665,0.5140557901446374,-1.4626167828773782,-0.6950070634091015,0.0472857580133651,-0.576436562993875,1.4716539253515706,0.5507598813439961,0.7658370971912887,0.6089977077465744,0.6613772687170025,1.044731114016523,0.9826603664460818,-0.0374047582172639,-1.014068365027635,0.4119324464648122,1.0556583958962733,1.0225535026234416,-0.540095272807858,0.4154717934201026,0.4381312691030388,0.7138279326677632,1.9898005806126773,0.0587517304739706,-0.32359486867003084,0.1207354335943757,-1.7210809177947406
0.1432726715254619,0.2490554033210608,0.6624726467501973,0.1991411167079242,-0.448647132825982,-0.3472598118035647,0.6212436691684663,0.0958611919953751,0.1047400720516409,-1.329010756483415,0.0836465281182833,0.4276872242289768,0.1842894992822435,-1.2750606578376131,-0.0353957675955588,-0.4717422223766424,0.8862684776689482,0.7374290367767525,-0.4178635538518566,-0.2691520725852579,-0.0239748274008754,0.0233381895695871,-0.3473313722673782,-0.6801469199724551,0.8314672807394966,-0.0029858770780067,0.3213015671459642,-0.5008934470908837,-0.7770157668541365,0.8671151631938849,-0.4441319412184016,-1.3773264540980596,1.0875764938656869,0.5408974944017577,0.1096867822587087,-0.2260664684877583,1.4387979757623104,0.7165523834783388,1.3649905475020667,-0.1650433917584674,-0.3994069374688652,-0.391319368075544,-0.4799258061859901
-0.3378590030728638,-0.0045857310718256,0.8501937803764994,1.371795888754617,-1.0729755239892311,1.1298907376776222,0.5785654973182874,-1.5307501996586066,-0.3030551100188445,2.189718866481841,-2.1464778332696355,-0.9215206237999454,2.545719785606423,0.3663617180963803,0.7414844611282543,-0.0810608664858503,1.80380421231122,1.2109045014777522,-1.5462652117176623,-2.0965872676845403,-0.1243708539828329,-0.8829247051078666,0.2103130594846972,0.1872454069901682,2.41826331210573,-2.7274540402690306,-0.7409389180251719,-1.22323547877149,-1.5708136705501805,-0.5631039235066226,-2.356575577953944,0.57075085572258,0.2948695441017807,0.1284069503224012,-1.4588579166527844,-1.0939888219863807,1.9660623820372105,0.630868773601934,1.921683451367207,-1.2456354074788434,-0.07701803027459217,-0.20433148392416656,-0.49243835601145625
-0.3670031056955868,0.544868439955594,0.154150140554304,-0.2068197603039456,-0.7398392951094485,0.5923274275568952,-0.5614366711579898,2.0772739962163795,1.0772664818531767,-0.377703146396574,-0.0871112821692117,0.3826018414301145,-0.0727556736730509,-2.808554209171773,-0.8528050582478406,-1.0907583942440906,-0.0128105457009686,0.4654409394525602,0.7834864579571318,0.0494872800301976,-0.5719453377452985,1.196288784506191,-0.6274409899847871,0.0560930387559197,-0.0507971940426098,0.1407761967094452,0.2989339689949205,-0.1596302787475524,-0.3798572528275648,1.252960588202163,-0.0896308135723241,-1.0147893771572756,0.1577695656397011,-1.5183916213136297,-0.4727881416605711,0.361980133105853,0.6773051160664699,0.1065840216463913,0.0974258799273724,-0.2903470055046077,0.4023762674014879,0.07753423538614825,-0.16854663614032317
1.0697733896607629,1.6151392572270276,-0.4661995830262965,-1.2643829821818702,0.5071429815481449,-1.2514617357982616,-0.5614366711579898,0.2614190415397483,0.6714036295007462,-0.2164036462052952,0.4363039115001766,-0.502079701063505,0.5423948945756873,0.0734158009564516,-0.2675233137822647,1.0824658563473055,-1.5960230481211464,1.1143026706802437,-0.0706690841598525,0.6086479262814041,0.163971963538217,0.2519303389866013,1.2969828096521463,-0.1783920195871692,0.1989941757791908,0.796262339921366,0.4191362905469978,-0.8006706916851819,-0.8384422148055176,0.6209644941432882,0.6871269022114168,-0.0409230474233577,0.8770140932296945,-0.9801123457357468,1.4760515376990366,0.2384872051256243,0.4591708142325322,-0.7384680849123264,-0.2742049162864315,1.0684830069471267,0.09308047254543675,-0.06267771121481357,0.20622779382233575
-0.5150638945279538,-1.5089316330271052,-0.2176429115260425,-1.2522567210883444,0.8635972933769887,-0.0674429465157949,-0.5614366711579898,-0.5820984295379337,-0.8051180151263501,0.2817771920361012,0.493671945835996,-0.4679381253279769,-0.1224331278314014,0.0335401735780479,-0.1003239798018257,-1.4291825089396657,1.2150641480598816,-0.5728023530122547,-0.0242977294090511,0.662101908789864,-0.4913492329249285,-0.2006634396694161,0.8091597133182934,0.4772391439471202,-1.039233527184235,0.8482212887804239,0.357234284744758,1.11307698058412,0.7165567321411935,0.3800388284626104,-0.0248812363675217,0.0381909322754637,-0.0314498861913634,1.1981692901038812,-0.3500586287604144,1.3648193141509697,-1.2807503622091003,0.2374262368539826,-1.0944236895133663,0.6432702104928933,-0.1478226544649028,0.16969000650319369,1.3368714662145404
-1.622657490158313,-0.9274585597382272,0.6395053913706806,-0.0005326527158067,-0.632287986644468,-0.3130784407953489,-0.5614366711579898,1.3844756744117788,0.5568165621764122,0.762283650789,0.351692604385011,-0.0466286687299135,-0.2394701134413584,0.2311106702119635,0.0869578377680965,-0.0378433842544801,-1.132062447800966,0.7649908196764967,1.5153878901571551,0.1284294960542988,0.2340034384745773,0.5568510646876434,-0.4473419410335387,-0.3927461462284497,-0.2581137735629707,0.4267261042191941,-0.1058493100885938,-0.5275822702543107,-0.0177362560491638,0.3465288860843317,0.341681510984538,-0.1406600124509466,0.1908240911883764,-1.3966127315338115,-0.1737822433669657,-0.8634721525880603,-1.2807503622091003,-0.8529129951005867,-0.1750959639238317,-0.1647807679583544,0.050812028102981854,0.10357935884215734,-0.1745048092075452
1.418317054651297,0.1005623246112261,0.4948685882503884,1.8255872020379156,-0.7308235773430968,1.0606378037592048,-0.5614366711579898,0.8706234945298595,0.0451563299029273,0.7936802240060211,-1.3292248746629272,0.0153288983740141,-2.0040050930038262,-0.3457348521784834,0.83758894350845,1.6306489407224545,2.5431791220938527,0.3741428920294072,-0.3007097664144946,0.4683000139218072,-1.5705868467545776,-0.2644249812121268,0.4198324503390415,-0.631629631792868,0.1067325169554212,-0.4912999058329973,0.2381031663528425,-0.1210105287356001,-2.0557113938730605,0.5019810435391768,-0.7494166038862896,0.5225465168932495,0.8237824968111408,-1.2631953363752515,-0.1299436810433718,0.384903959560497,2.7963882624440943,-1.118851939691652,-1.6906817562970466,-0.320281130124059,-0.4944803970718921,-0.4361730083052622,-0.8095884711962507
-0.1000049581962032,1.1308013356960387,0.1895976908119274,0.8094897827294795,-0.0481598127839738,1.26465701183066,0.9991664303709036,-0.5240996183858013,0.7289741688398341,0.3335818040802051,-0.991147936882294,-1.1705487355573645,0.9255417877527128,1.0379419658308209,-0.389266014429735,-1.05146056753048,0.0994127521004147,1.2123446402821865,-0.8391739342669414,-1.371935876118839,-0.1158576957767218,-0.7502932873488499,0.8293842278849233,0.011595438377057,0.4528354220637474,-0.5447403629709042,0.7532033892914901,-0.1697472797073776,-0.2822524190574131,-1.027406745916205,-1.1673787001294025,-0.1917775700202437,0.9360197076483212,-0.2914219695878315,-0.4852916438391212,-0.8182567393534907,2.324213943565504,-0.4711049609499887,-1.6906817562970466,-0.1386467886281688,-0.551745610844113,-0.45337985966370037,-1.2017236965443292
1.4860821395486823,0.8762117545572015,-0.2697830752250506,1.064077779715184,-0.4496104646918216,-0.7875407692898455,0.1790399845729963,-0.3456289363801526,1.025002218635022,0.6487833656391895,0.7240816474488134,-2.3376775973014574,0.4669565817714062,-0.5091849774696503,1.212258615633644,-0.2001215306668615,-0.5864631597641049,0.8196908771275416,-0.5765734563826198,0.0502041380792644,-0.8999229822565078,-0.069027228014563,0.4853238242460002,2.3117720507429813,-0.5977224455329214,0.8780149051501875,0.0174479127629821,0.4691832650193268,0.7030851389336256,-0.4384028526824299,-0.6458226739372864,0.0151841972283256,0.9691459351942407,-0.4326570580947146,-0.4034409052029051,0.2122752186712155,-0.1493791941752009,0.184241844383057,-0.091030977587162,0.0114543526696666,0.10229730527620902,0.2750037155229008,0.11442058111110263
-1.3688434313394766,-0.1842643431938002,0.9787879195466688,0.4364178882354694,0.6560155044887561,-0.1825967245029242,-0.5614366711579898,0.5972343768945615,-0.4104828717897708,1.3834887475367998,0.3715461097649279,-0.4749325154759787,-0.3436882897768166,-0.4688260489346288,1.59385708093769,1.2124090969657533,1.5867933686668283,-0.8514381033683314,0.908769568885892,0.3395520744981533,-0.1968431012477523,0.4067201198146141,-0.8137529256710054,1.0610287343566494,-1.2157906093653417,-0.0422801529375913,1.0363855901425676,1.987187284371558,0.2128938579120387,0.6557083092633181,-0.8613798598419008,0.4765022041215833,-0.8244488653229461,1.3797522971991203,0.4778699052218259,1.1978845928554915,-0.3943061741682442,0.5874878833615853,-0.2848512373999149,0.0005963548520848,0.7011111557841386,0.8159800382305811,0.292749185943419
-0.1108061439172581,0.0474023973310803,0.279935630519818,-1.3955849520514805,1.6623903455603466,0.8122853119638529,-0.5614366711579898,0.1655922820617252,-1.5494699898500253,-0.8883087531165197,-0.4994907418458574,0.6778627456488041,0.0309461390133224,0.8213253865432636,-0.2046003269753475,1.1024757150196451,0.7906800515813585,0.4945450096474531,2.625509549984686,1.041345182417491,1.8009685460256364,-1.347212632248374,-0.1462607276374703,-1.1092453900349053,-0.8599065538076225,0.3125792370080559,0.1565596949597813,1.734927043099073,0.4789341348887136,0.2603757485666778,-0.4155922147213801,0.1533035256551984,-0.1769888590920238,2.252612573114603,-0.9247050535635336,-0.0211468653374484,-0.2076777789829723,-0.0419316796041264,0.5076845053368106,0.7022237489123557,-0.48279800998211986,-0.2608116759766601,1.0010582385849063
1.3424913086378856,1.1177274302351328,-3.147459782042327,-0.2185821830894166,0.0656686895776446,0.4860975721012754,-0.5614366711579898,-0.9550821853581588,-1.1112357984975565,0.1357959073473239,0.2368197267881481,-0.472131279611387,0.4783314890029419,-1.905940973472853,-0.6916977394747817,0.9846001327991724,0.1302997879373663,-0.2737197612683569,0.23820911845949,0.5285222819389588,0.2410786531717247,-1.0612124716963407,0.3682886636380938,0.8481465877161448,0.1225512803462085,-0.2178583757968749,-0.766550633478379,0.4122205092188122,0.6644066551936616,-0.4222096672718557,-0.3684688823634864,-1.242973868347974,-0.1383317500139745,0.7132442436843813,2.551120886220797,0.765974260190591,1.333052056629582,0.7282584396868504,-0.5321734264697483,-0.9079786549266372,0.023290887180714464,-0.07229065239020871,-0.27830071975102977
-0.2474250367077694,0.5667640314628521,0.2662142270863797,-0.1303675068606595,0.3023679474380603,0.7002929500736987,-0.5614366711579898,0.3908523057444108,0.5801998491332703,0.3899641654548321,-0.4752648926548552,1.1671405032081907,0.8394512798801322,-0.7120407447288736,1.0572694114391212,0.5272653470210213,0.7135963493315723,0.7227280028700315,0.3657571330514827,-0.9305360392956912,-0.2862226225134051,-0.4617252935759151,-0.1586303985152579,0.5661624245672996,0.7617422813376883,-0.4418034583614079,0.1264551991066973,0.725616384949022,0.0815383341923756,-1.3628093613434256,-1.8077330962164944,-0.619910850669783,0.4817481773781026,0.0160183074725217,0.3498088043029543,-0.2980771448568305,0.0441854248870448,0.5781853844440176,0.597625980888467,-0.3361699148965819,-0.08909977283379633,-0.013255194357448426,-0.1746637523473762
0.6836947391880592,1.269439867965121,-1.1335922952898685,-0.7949901667825753,0.1734252887990623,-1.414218218058869,-0.5614366711579898,-0.4583470205242526,-0.3758640020715387,-0.6211721413202909,1.5865816218162392,-0.3295881561336024,0.0095485211581992,0.6355095352198494,-1.2487743675727303,0.7131716349385057,-1.6561490038677151,0.5915616896747782,0.3303208609132748,0.9774100654892838,0.1121894005015117,-0.9871387551286476,0.2626402480043061,0.0082052450849675,-0.0461008104064546,1.7376661860191336,1.0325645382540465,-2.707987785635439,-0.1723987818384777,-0.3496225870519451,1.8025010366557448,-0.0844468503583852,0.4505688690628649,-0.720782148325865,1.4348047950704588,1.2933773359562966,-0.9444083589091752,-1.3773420634951163,-0.6809494318160466,0.7619554714500355,0.3940160773613102,0.39876697542049355,-0.2613333600477584
0.695127098824087,0.8102142971038357,-1.074393597240324,-1.5585302985373264,-1.2083683803338612,-2.385275533054662,-0.5614366711579898,-2.0629884297493213,-1.1162070003839577,-1.5491325003416565,1.9478162436339144,-0.9276543037034484,0.3582767324375022,0.2837300513052016,-0.7250136862253104,1.1042049715928015,-1.7158801992251815,0.4252127535897512,1.447408585249926,2.165127880576479,0.4483834855751484,-1.8906844607476687,-0.289282669705062,-0.8140906498597537,-0.7041054249989868,1.0185686818241564,-1.5042485009874922,-1.7604397778640324,-0.4802451174475408,-0.2069130889468736,0.5378837509912077,-0.4163039494862654,1.1316406240519843,-1.2517974953621445,1.6489572339415617,2.027017666375822,1.1500037227885471,-3.2511747141044376,0.7496499291749155,0.8911334089099863,0.09775652539918324,0.25119074982401235,0.099213268052647
0.3542521277928548,0.5038607532920011,0.5330598135465999,2.46410776532425,0.6095165422776918,-0.0539581308075877,-0.5614366711579898,0.3212914840146084,0.935971565484386,-0.7384957617089875,-0.3294485747679981,0.6856222835084937,0.6109046544637415,0.2584330878688144,0.8335375050845981,0.4977693552224035,-0.6536572014679614,1.3016524365102362,-0.8325751676830803,0.1854910941420347,-1.0929754476960092,0.431919874246533,-0.0012318644836649,-0.1567925485759925,1.053452332397208,-0.1973733817858552,-0.305752655284161,0.1699391726771588,0.4898602091493864,0.8302439276143689,0.7767671697735654,-0.2320585684011734,0.3370911314333556,-0.6157742452805507,1.0208054524481869,-0.5451347303651346,0.0699747178043173,0.2512681267821907,1.372674810555926,-0.5382205889166727,0.3544650095274055,0.15886865762641617,-0.3249182625821833
1.2880747339714138,-0.4580656317804527,-0.6957785148960989,-0.8676203316344819,0.7411205842938888,-1.0197851262298938,-0.5614366711579898,0.040481436461232,-0.6693446660687821,-0.7946671615984033,0.8412714600942838,0.6018939328236041,-0.2392689140300418,0.6703102943277366,-0.6811753726091958,-0.5114336147730454,-0.3975810872795193,0.8422890325467336,-0.0808626732361218,0.1806183433846196,0.8913106239941816,-0.0513586243034416,0.8543990270246257,-0.1940894784515839,-0.6740337150526403,1.6780492270790432,0.6149305661695338,-0.4453056894177804,0.036307758057973,-0.4311205513735995,1.6767823467348566,-0.2560983551023165,0.1909055727482014,-0.0142487293851198,-0.5088444451110486,0.1528455170070116,0.1466292966762931,-0.933634685948212,-0.0344125303008317,1.5140430990527851,-0.30658418528906034,-0.04687581429545168,0.5855856519695782
1.5008165484440033,1.7200433042323224,-1.727611303388814,-0.0010284331993096,0.8396272215774033,2.294272646456468,0.514576887366995,0.1315929201591762,-0.0743754309321451,-1.1932709208878325,-1.878275317994185,0.002894927352438,1.5250282388326457,0.2369308444525923,-0.1651202480658442,0.2950263589982909,-0.0997894509713881,1.3422862978608432,-0.7944665817666458,-1.7440452988396151,-0.7731405186828416,1.1563479460999069,2.3222217751117578,-0.3473175699264668,1.4373962692627478,-0.6314436461719166,0.0751338312486011,0.5562101295252779,-0.3465740226718747,-1.2039957361535891,-1.4835079564285822,-0.1302586731732568,1.556706211260432,1.036618208476296,1.6256941406988867,-0.9769291878910068,0.5888929757741884,0.8666016649980183,-0.4303832185333323,-1.2420414012407823,-1.227319450879653,-0.9673847289606279,-0.8475021598857939
0.1825415711184535,0.4520955697135811,-0.5903405650462908,-2.356911767020555,-0.8444073103210038,-0.2886593001197401,-0.5614366711579898,-1.59237027752482,-0.5242909977831083,0.8358313028683724,0.105643070594511,0.7138017864729113,-0.0913257681339921,-0.4775617406919302,-0.1266215776761111,-0.5534520031229134,-1.2479478366098495,-0.3616506879039032,0.3783461548500227,0.7740582462734096,-0.542774017055045,-0.7825013520357281,0.1072116670575282,-1.3495046797905186,-0.1354621502333062,0.2191785281122011,-1.512779573317907,-0.6417495282288803,0.710626947664466,0.0630768769409446,-0.223959654418034,-0.987529810740476,0.4561803089108785,-1.2106954294415044,-0.1500096442648427,0.4090464949488426,2.108325710633097,-0.7407157679601434,-0.3684989335012636,-0.7415408543302615,0.19150537635855575,-0.006081166477979321,-1.2313173556589996
-1.9944854164715493,-0.6819269578651472,0.4642504513324669,1.1066185511889044,0.9394613921491056,0.350814962335953,0.3361691119410806,0.6552550006898491,-0.2349034587215322,0.3454756336985249,0.3474613646098201,0.9496884577213404,-0.488025110266561,-0.2279211186367772,-0.1894028683229522,-0.5652692535329672,-0.4844641006672788,-0.7769699451999523,-0.1245614432888025,0.8734831306585576,-0.5975809999487057,0.6729141809422011,-1.241090728209744,0.8748911967477722,0.1891779914258425,0.1342775854353159,-1.0705249181466752,-0.5902554638876076,-0.788944914720785,1.1544287658574002,-0.236059685382271,-0.1553021807657333,-0.6297686000765738,0.1764157907049032,-0.3754521325416438,1.2115048647631286,0.3793803349047581,1.2851466248818055,-1.6906817562970466,-1.0701155971277871,0.154251472743306,0.014619397846898044,0.3140655002741098
-2.6123841349014207,-1.9656513396599944,1.8801105322682423,0.1916486176499937,0.9335095405676762,1.5246356317439014,-0.5614366711579898,0.1385767975132515,-0.2367305266700296,2.9197378027823206,3.2941331968927625,-0.0918182565496362,-0.9160335316052016,0.8103504064841033,0.1779486964953504,-1.0367678242448768,0.2239655925851512,-2.97871505079106,-2.045868857290855,-2.1643529092614164,0.9274206962182056,0.5641789751389709,-2.97963732954495,0.642720019933637,0.5449649632635091,-1.1693981524864956,-0.0465236331071857,-0.5091533344877018,0.5001191784962286,1.669274901006324,-0.8044951930127104,0.4627053362069415,-1.9520229564642868,1.4615717606811225,-1.1005336802071577,-1.5592939859295325,-0.869141685416375,0.8953784932005977,-1.6906817562970466,-0.8531814665148096,0.7298894720727376,0.46641439827979186,1.8999619510251307
-0.0795688007546324,-1.309742773999107,1.3961342609515173,1.2438453198597736,-0.4399790795203298,0.9817900089543355,-0.5614366711579898,0.3015182509732312,1.6290733481977044,0.8952311922492004,-0.1357354320734629,-1.19914436175256,-1.472638991206401,0.7147803090202631,1.925593967175564,1.7174468875539852,-1.0758211409134593,-0.9981750989068716,-1.233552056712642,-1.214379712675385,-1.166057937569318,-0.1518326476055961,-0.7690549914669526,1.5210479949108104,0.2751344074368629,-0.906589867168429,-0.2193902809762048,0.148036159776259,0.0805006193453839,1.3442214296375643,-1.0550525481629371,0.128670195289081,-0.5837577444312861,0.327158645722352,-1.9176943247425229,1.42508589485634,-0.3270065290409378,0.8908417670589714,0.1792973095122648,0.3068502600223338,-0.0021318014679937913,-0.027529835042405942,0.4805315733824561
0.7440762449449986,-0.1048670670304696,0.248960310493937,-0.80467236688994,0.3144837104386081,-0.6375076973478825,0.7223504604460793,0.6280835358293333,-0.5292727231997236,0.2924188546817287,-0.3043343835635799,-0.2740505829115257,0.6232000104101925,-1.7492675423351034,-1.1888262282366475,-0.5726831431049066,1.4827788572988805,0.1154094296354198,0.5558058138032033,0.0146996750982228,-0.4391268175431508,0.3584438762429917,-0.211452749171197,-0.6493623023845143,-0.6959682256959843,0.6343509099171378,1.1258522221286975,1.2693653457047185,0.09046223701186,-0.753148817376631,0.524314644106487,-1.1640637921906478,0.8219530683382889,0.3578661733839109,0.8156374966614257,-0.0199147800453182,-0.1644462951549676,0.7663123414667544,2.3064413798899626,0.2732780404757277,0.01608006194862652,0.2913398102775081,0.37255062225153573
-0.5573559939104724,0.0558695915031716,-0.2314964834075614,-0.4185330261325923,-0.5322916770038084,-0.6574335212408965,-0.5614366711579898,-0.1310812338828036,0.1994373418181379,0.497562602358467,0.9217362043359044,0.6796366567223485,-0.8121712585227259,-0.3570067269004862,-0.0783818368209577,-0.5495598097406995,-0.6173456818954279,0.8407681510604602,0.1918066775685454,0.5097640812012828,0.825832517568986,0.7812580862159174,-0.0824765374802832,-0.4772034747704667,0.0692574497683338,0.638422786718596,0.492560312407331,0.0775040612817701,0.0619768020922685,-1.5124630601590336,1.0526958077767152,0.7522133041285726,0.6479031285150056,-0.5114498089027678,0.153890940212483,-0.4176326184606344,-0.6097984447016707,-0.2646649162126591,0.1106161801224872,0.6939699979915103,0.14506617363309804,0.11411145696223786,-0.6088642439987881
-0.969828090430254,-0.4913991084760959,-0.6312543824359612,-0.3401195761946833,-0.5047689144314136,-1.4151165972573916,-0.5614366711579898,-0.555444417385718,-1.0096054513392565,-0.3802379398541298,1.6284209493048871,0.9507236239056126,-0.3175707542606043,0.9336777273223156,-0.4141051493752803,-1.0311402941605248,0.4248370126090939,0.1253328686356301,1.1779766096494526,1.5062121156388408,1.902048495258024,-0.3260074382053007,-1.1128763210668131,-0.0581960826552686,0.0048294172387978,1.2780904661941646,0.2423942891827843,-0.2402742601826447,0.9565353290755868,-0.500861442466587,1.3485303261621089,-0.2088250475183765,-0.4751739672152973,0.729477171565086,0.0789914156949083,1.1636645336233824,0.6968850533523333,-0.799607046319862,-1.3133604861394514,2.043176865240963,0.202389443274048,0.226002597586343,-0.2815496466295007
-1.4970619072676878,-0.5472151322647546,-1.309170618484857,-0.7287060637506517,-0.4099649921701278,-0.0466798802513177,-0.5614366711579898,2.291422200092585,1.278544819102188,-0.5958465295805895,0.1149880485407836,0.6095427463831689,-2.042794556117887,-1.4797860892563792,-0.2399483729222412,0.4372833037204674,-0.5946718194124738,-0.1283367480392181,-0.2493016860622309,0.1091847353669384,0.1401366576928488,-0.9353106444735289,-1.0257204248355956,0.1045499590310899,1.5293105277209291,0.2465120818391829,-0.1604838142939423,-0.0927437969594369,-0.5135843954641905,0.702641218015884,0.6284301522458268,-1.2629000320347383,0.5799679433411143,-1.596813501206655,0.8278272971433854,0.0770819588186566,1.0538290877008187,0.4417761891164987,-0.7639180167595776,-0.4011767438466632,0.23521394791618988,0.012190631815038627,-0.48763079178051416
-0.3868691147115103,-1.3664099670048415,-1.9232402121355696,-0.5475469337779407,1.1313729827270744,1.1838478221287914,0.8045852320211391,2.337716429219899,0.782273935624243,-0.5542396290598713,0.2954656637576698,-0.2829605714922851,-0.9135452408858138,0.8178914414000039,1.541349287083352,-0.8035777164941355,-0.2879823625238638,-0.590276863635912,-1.054290545461621,-0.1562814760652053,-1.165157329116178,2.671289475549254,-0.0055600934226909,1.5240149923837127,0.0047419313537058,0.3012891059267681,0.3818845020879405,2.0151727258565546,0.7052768359506884,1.132976661407788,0.1015542605704536,-0.3775293168766842,0.2408485840841377,2.357637046597893,-0.0037500497623407,1.4391700873572817,-1.2807503622091003,0.5611473168805292,0.0895730229985023,0.9568668563229484,0.4973218560607981,0.38011768780388233,1.675038468950876
-0.9928810648649148,-1.639515395864733,0.9580438580689012,0.9132255522178224,-1.5147559023888209,1.0681527725504767,-0.5614366711579898,1.8852246952703275,1.4922434707373045,1.1721526253391636,-0.282736142204435,1.2313042228368525,-0.081850566844423,-0.2415506428305139,2.1162164496790767,-0.9003891432146817,-0.3940174004158741,-1.2852079248476411,-1.0287669818674532,0.3657290300298515,-0.9996412826221912,-0.6159851478188038,-2.2563611421624308,1.4009491871941868,1.1407602723843644,-1.7491316079923946,-0.9338214877386432,-0.6775926384881145,0.7778637370232856,0.8918158868092112,-1.4262912645488943,0.5605549256254697,-0.7434228946385517,0.6360244088307655,0.2767959112976554,0.3535640005179727,-1.2807503622091003,0.4035572954423818,-0.8590953877811215,-0.992750386376524,0.8507599892397286,0.5272781352449247,-0.2893635947091341
-0.5932033053828407,-2.2877917021671674,-0.974217248586026,0.0872872934724216,-1.3792734353486864,0.1521916055035204,-0.5614366711579898,0.4332226163554037,-2.3778136354503685,1.2972558011485666,1.7641996877205497,0.5173501301539243,-0.5952288516737216,-0.3263480267377551,0.1105458062899967,-1.3162437712173378,-0.8248497847406582,-0.9170746703403726,-0.5651154960105415,-2.044238673017606,-0.7732867024114769,1.4541195736124186,-0.2965766727949592,0.981762225244835,-3.095094728768784,1.065930007299693,1.096647602901761,0.3598415270518972,3.9267556050338976,-0.1384636269993635,0.5001291460327888,0.8829360741400724,-1.4470924056730785,1.097404522130294,-0.4632658036564273,0.3214341040087229,-1.2807503622091003,0.9882635314166764,-0.6599403584485346,0.3765258158779802,0.27923358647822544,0.4688328535801728,0.9563158009424066
-0.0783515226250809,-1.6621435297092275,-0.0924371755221731,0.4765812657326384,0.9925326511836796,0.6937805136305655,-0.5614366711579898,-0.4545651192563732,-2.044322957248881,1.049286455099267,0.937058906325866,0.1408896644907981,-0.5275363490320747,-2.7220872852397267,-0.3736496453949787,-0.6001839160899644,0.2438289295074618,-1.679475108738831,0.9753386999496148,-1.5649410572201363,-0.826825153544966,1.5718599843995524,-0.5050981138282828,3.311454098102714,-2.0106737318630303,0.0933299360087544,0.0303703188557931,1.899528167884217,1.6859074935025733,-0.0084267255480384,0.2696155924061763,1.576280113099544,-1.6087521119617745,1.115016577562865,-0.8113320003525192,-0.6336274832532245,-0.4813403956996553,1.7460265061166351,-1.1033003240018138,0.0920129062623758,0.4620379662354863,0.6814614705856141,0.48602257522380043
0.1355309069374921,-0.5208644519543221,0.0537224470781275,-0.3705233149303003,0.5413748016963359,-0.1642211559137617,0.272696123872779,0.8111334954198607,0.2110015419896495,0.2601903330711574,-0.1228406190432553,0.9586191723459082,0.9540723234277396,0.9166888010522533,0.7944454405918011,-0.6138241810526011,0.571108774894027,0.9071801955523716,1.080737319448015,0.1063990408383936,-0.3342704374264268,0.3206605781380484,0.5304061451524286,-0.3538363266160103,-0.3009733856901174,0.7531974418220008,0.8580514697222715,1.2640192622805504,0.5769414167933713,0.1605676385953291,0.5195183063126682,0.6656630226462539,0.4999458207279687,1.0141167033266811,-0.2556816812817918,-0.1722430217378185,0.5682509801970836,0.3533677624681668,0.814308600801962,0.6170172041286653,0.017105564701976533,0.11447919416117477,-0.19990926116098823
0.6957450542287705,0.6056877771236681,1.0979250821148494,0.477620595077685,0.1664268566590266,0.0234636677482253,1.1955171985059148,0.0592384803506798,-0.5256867779236394,1.011685377907219,-0.0719206640788355,1.1530619686826364,-0.0464002390030826,-0.1045780496787404,-0.6487659763930841,1.5768220472007557,1.8400119044630003,0.4839544399342497,-0.5669973411696126,-1.634224072935198,-0.6638524737139498,0.3987108775652118,-0.0588866090811168,-0.094906833558731,-0.5375291945360952,0.7622006744303451,1.0058772813679795,0.5199544379407604,-1.340534472164153,-0.0146133579310647,0.8414973531665394,0.1710690527453106,-0.1931105804322283,-1.4482274554785812,0.1305482490436902,1.2179737671072983,-1.2807503622091003,0.5828933064033683,0.7643938491567247,0.2475572948582679,0.5590619552515437,0.45140279218823864,0.2082272246982193
1.00427767963344,-0.2791173047452978,0.9213365175450298,0.3781401623581606,0.500934235328647,-0.451427780642387,-0.079940216023038,1.966410893628242,0.5238720829888829,-0.4457380797797177,1.6291418305254506,0.1954023422284281,-0.5158999464995923,0.538792794518918,1.5979083645243084,-1.0875106296815906,-1.4588907417013997,-0.8199704887048985,-0.8341426123503595,-0.7210074934108806,-0.2203973240964918,0.7507886577385376,0.44382052174617,-0.981738779144196,0.1255723394972499,0.8725790750107042,-0.381222486675821,-1.3624635895855075,0.0786781115368528,-1.069633931374547,-0.018591020579367,2.202945164035395,0.7715874760725482,-0.4191664906065093,0.7537710490621865,-0.1852132272626878,0.8037724756138708,-0.7128098426312266,-0.3947449574925841,1.1518782234517098,0.23081888067900613,0.4219212599590251,1.271354591471764
0.7937345500885472,0.9534153517999606,-0.7335269896957329,-0.4919175260792778,-0.3743242465863174,-0.3268778467150284,-0.5614366711579898,1.7970261544853552,0.6581422472617355,-0.1221469355427463,-0.2075964045284483,0.775670192337749,0.5551038823627588,-0.3785593741103243,-0.3269891470093707,0.1962861689224017,0.6443790587541853,0.73789992588887,1.010287489074235,-0.0760682550149923,-0.4607525553402958,0.9370643542123828,0.7526397683652662,-0.639354851094877,1.9656110751408016,0.7903812436495242,1.4600244370095847,1.6515418152555807,-0.354678191258085,-0.1650110084069637,-0.1375091692275641,-0.884884935524969,0.7835375784969425,0.5428815817595614,0.1010829509706765,-0.2876121389912526,-0.1532435914398237,0.343518060066441,1.0140929899239122,0.9564937564053037,-0.14420065159563444,-0.12449721167668946,-0.5193582485329676
0.530051861564385,0.259250161160952,-0.1538354423710692,-1.0712786229317726,-1.374282765704692,0.0007060887173057,0.3363313614907766,-2.426531754502017,-0.2174750522947421,-1.2873050790773983,0.0695776638759262,-0.7070958289832354,1.6102087611505862,-0.5937001179429398,-0.4747821704387441,0.2109749316742205,0.1919783769757537,0.5805979574135886,-0.1094435741891402,1.1697998598086536,-0.7339447783365882,-1.1450832211992814,0.8516171599398321,-0.5700855217266769,1.1723348088296464,-0.2145752879931546,-0.9002413231563027,-0.2906389995952664,-0.2265650489533654,-0.2293042313266471,-0.4374923765340046,-0.5144300461856497,1.4578613302003762,0.0629115012468428,-0.95142314598634,1.0254613111784576,-0.1935565879568129,-0.8015045018533452,1.2314910550576554,-1.0809680245560198,-1.066660609124593,-0.7483355208631058,0.5915900850033822
-0.0379813180006529,-1.0658625211837065,-0.0906267456265707,1.271600308491241,0.3417715340883785,0.6945369832040823,2.3921336731556857,0.8310414992368222,0.2741198713404809,-1.107382108570793,0.8290395061915008,-0.599795888741946,-0.0043594270008607,0.7828234399397902,-0.6999174361980803,1.4936048464928957,-0.8446746323719853,-0.8270184012909078,0.4231133293758671,0.1370960788931003,0.5978787274971347,-0.8103765874516121,-0.914368651630134,0.8770249141945055,-0.7083629175503532,0.5630828639627095,1.2441857391034945,0.6886087958473679,0.5075040327396941,-0.9839020456354228,0.2482998170060166,0.6658041804562885,-1.2556951959090663,1.0483717450994132,0.6594164564633276,-0.12566093005797,-0.4180498271451213,0.4208214829068117,0.3243513424012145,-0.4567776922782793,0.43713378163669747,0.5278715135574195,-0.3316974591475134
-1.814683931242864,-2.2877917021671674,0.192685693591061,1.4697552172353197,-0.3607738474708584,0.0475185412917766,-0.5614366711579898,0.9630593623325056,-0.0935695373092742,1.5073814520990183,0.4127400396098072,0.52729982738574,-2.074274604203697,-1.090656144041927,0.5259795589149878,0.0356353737830951,-0.1055950320349607,-1.4586121171555837,-0.7633834726017619,0.9789449646519024,-0.6106151881985532,0.4548211371124647,-1.8316466569437293,0.4020242554072364,0.8496673532751292,-0.2121492836494679,1.525277689140722,-0.0422237145942619,-0.6450608642299138,0.1765567833062478,-0.5978958163723533,1.4919519685727454,-2.0311254235364977,0.1905329438296338,-1.9627413844009265,-0.4930923138125794,-1.2807503622091003,0.7944834069503444,2.9898035117615125,1.4077369665914277,0.5331834794716716,0.28803180735751066,0.1481450132325842
1.128372253423999,1.1397731586945608,0.0657224883150662,0.5170539931619329,0.1711219530797487,0.6671457377549264,2.808840372842564,-0.6660009514808725,-0.3753480448146606,0.2022958686247128,-0.5695774560579437,1.4469107873624512,-0.1108056286140371,-0.4621386648476744,-0.2319953983064529,0.0519811310833866,-0.9912278464597024,-1.6464914918445963,0.0689200386937294,-0.6209655165437795,0.216313747731109,-1.172465452723795,0.5140793853747413,-0.4572397004122551,0.4647044173092071,-0.1501713385363318,-0.3978265392917207,-0.6001852217126857,-0.3755847696878756,-0.852020045883919,-0.5674722812194398,0.3618591842628174,0.7577478479500639,-0.2273300626106869,0.252665936273673,0.8548354196795227,0.5008229483465232,-0.0144296813662026,1.6380291439085328,0.4797969645654609,-0.18609035472335064,-0.15003896273737954,-0.23867895180677468
0.3777274595838346,1.7014142212676135,0.5970624889046277,-0.7672069923477359,1.2210505920265906,-0.0420344672453455,-0.5614366711579898,-0.0244957525701724,0.8079507842859435,-0.8553896672146939,-1.0944581850450965,0.3626968550515079,1.0914961846066145,1.1789988911000726,0.7880628686032329,0.5381234553617089,-1.4734643412231443,1.1750466685004122,-0.3772874384016611,-0.6445021020654308,1.3068260613934537,-1.8667192018253316,1.2707291900669302,-0.2705645762714308,0.3408840054378952,-1.0496381871608844,-0.505428557234558,0.4084388148736799,-0.0329578892838023,-1.1092407153776267,1.0597777111915456,-2.267511102806233,0.0229099850800345,-0.5248284110928619,1.8114872173732892,0.4628931971642174,2.1303191720774244,-1.2015972751617163,0.3703897935118893,0.8329241152330462,-0.18972304558377334,0.006564449067211847,-0.8979970108322333
1.8981605635930436,-0.8898782642582508,-1.044900077639212,0.9805825828496088,1.5553538459206266,0.5387945465754879,-0.5614366711579898,0.3033469477452603,-0.5885524046340963,-1.3586904310074834,0.6338819537828021,1.205062786887484,-0.0399628132170418,1.2446020060755745,-0.1876977748401563,1.320802650452064,1.277338883066505,-1.372431289954951,0.6173061203500187,0.1127046080721301,0.0792149958634785,0.3277506133778136,1.463739258093564,0.9160390283333334,-1.3538777849197696,0.5725976686959594,0.9916814199237248,-0.7165843637943811,-1.1285437239557696,0.4394426343433869,0.3617878520184571,-1.481621190678227,0.5808795127260953,-0.5506176330994593,-0.2730310717412185,1.1724670488322304,-1.2807503622091003,0.486290981779872,1.422737253134278,0.3263645850717238,0.35078683072263345,0.32757481622823403,-0.11018153103050386
0.5646927413103239,-0.8769594313604893,0.4584471290894154,0.0082805901969801,-0.0744975185466946,-1.4728445227355635,-0.5614366711579898,-1.4528761319995362,-1.9527285268403312,1.5955343253725194,1.785080567364924,-0.9037612635486588,-2.802037179265481,-0.4869910891635037,-0.7540212521197088,-0.3667704448017631,-0.2862139893959023,-0.7320226234541435,-0.5498974381498116,0.0541033210396919,-1.414601926375604,0.8573124192017659,-0.3997196852584857,0.0562314109431063,-0.3208881840459193,1.6782151721888867,2.354714702466428,1.4766137674621522,2.406650674737925,0.4510365167603056,1.534533994140984,2.1215688898375413,-0.5579313810642679,1.0735003945671255,-0.2140535413019438,1.149333344023165,-1.2807503622091003,-0.0042587751965901,0.8320622622514198,0.7153527469225688,-0.2318588699157606,-0.1126746364318571,1.4054697008840695
0.4585333404379472,0.918505147399832,0.2014355180978863,-0.0371145974921657,0.8741926994455699,-0.4223675392348315,-0.5614366711579898,-0.2667144044112418,-0.1601670328607279,0.366934392414149,-0.3642315848564131,1.324925389045572,0.3163415331373736,-0.3124397076578979,-0.6223116987803495,-0.2032073769507513,-0.7340061222117398,-0.4768785677826247,-0.9238888291261164,-0.5871307904375266,-1.0726455752984556,0.657070291512477,0.2414867615024248,-0.9837840957470646,-0.225154887298267,-0.2488438407970639,0.4892006907582007,-0.0712955988663271,1.0172975981209993,0.0771025167572542,0.3768345815803979,-0.0884543435645681,-0.2188807737696045,0.0338438398860395,0.3433870521924551,0.1385144698369732,0.7283661842877756,0.7350781364783141,1.52692925315103,0.3744389243692231,0.11884576719652629,-0.24831725548423794,-0.5671753033606668
1.8655088429860376,1.049408609934856,0.239483554789022,-0.4951423439695779,-0.1867490604179963,0.0882896646109274,1.4555245026966304,-0.6441787686222478,-0.1581525352765584,-0.7018287928823539,-0.358860224902693,-0.5534128268795134,1.1290754656617037,1.035487973028813,-0.8909609216314965,0.0617736918614221,0.7890857897013376,0.8449351812390041,0.3155242479045835,-0.5649225534580182,-1.1113101486537869,0.1381990851291628,1.1024692149336937,-1.0640304332411734,1.0904617804978525,-0.0319382154178354,-0.3819053147801299,1.1461888357770902,0.0833213162614432,-0.437476917821313,-0.6713380249916507,1.1917326825310257,1.912642358653948,1.1208499479183445,-0.0979830725582231,-0.5504083327344436,-0.2145578359410012,0.4251424114642899,2.662840343520395,-1.6030356488826274,-0.6374376023898055,-0.338321968021536,1.223688686598471
0.0548862632512986,-0.6025103812911834,-2.092713130938111,0.6668942935012541,0.2445741027193035,1.2842105983357903,-0.5614366711579898,-1.6774495160782292,-3.3778688907639256,0.4235980374059384,-0.0759988037487252,-1.1948436654921164,-0.2671741622864692,1.6778348274415098,-0.2671227739636104,-1.2850516710600932,0.1769152369712324,-1.7520301847959587,0.8000947513599829,0.088195204567574,0.6341457941740829,-1.4969293036762046,-1.431299174149755,1.2498464753512983,-0.4431891115962608,-0.9185194684251712,-1.2861363890662287,-1.8652001307730384,-3.517281329723468,-1.4827857801507598,2.046576062520649,-2.4028187734549435,-0.3668190666565087,-1.3926694971737197,-1.0929208190004398,0.6400701009419302,-1.2807503622091003,0.241932899396924,-0.3249179958018992,-2.8299038931736784,-0.32860674141273005,-0.18276896548821056,0.11328559715573241
0.1133379084065569,-0.7330692451922042,0.5393012133926506,-0.6200796381108975,-1.2353113297906086,-0.3474350524484041,-0.5614366711579898,0.3814183742890317,-0.9988074035769589,0.7565888420203942,1.5267159405786546,-0.6605304655373422,-0.4831137816197625,1.0410874576396216,-0.0599821029693157,-0.7138374864139039,0.1511623977826025,-1.1932566262605986,1.3073424215432277,0.0153070840939238,-0.60010768935125,1.16208401961885,-1.2190836893353274,-0.586016054960367,-1.468782511098716,0.0590211441543911,1.1422457367111682,0.1651749849190938,1.393155934778189,0.7731078088498501,0.2398000366378446,1.237271424291782,-2.064439490389005,1.391540199870584,-1.2307748084592558,-0.6540772201608953,-0.3456907450267762,0.1632441594811114,-0.2204471028715902,-0.0480376153188063,0.3494498884175935,0.25525360247395845,1.2959884205869263
1.0188326292067105,-1.851512219862227,0.2965997213577171,0.0703256392055913,-0.2608209336064651,1.0850271095883084,0.4931106469863309,-0.4699098778353529,1.1927689835668849,0.3358555622918459,-0.2160478105841378,-2.1107206618224548,0.4943443690515001,-0.2526213348119734,0.2059622410823277,0.2654389931746939,1.0431524638009422,-0.7336353124909215,-1.2335823496124307,-0.1069603310591824,-1.3028866269114077,0.2629768015512698,1.4619985532689712,1.130546521853358,-1.7931178248997968,0.4435921626670957,0.5734162392795182,0.177892284432489,-0.9154185449711174,0.475184712994933,-1.429812084423867,-0.571896544614875,0.3680718747954006,0.3947511976683855,-0.4325207356944272,-0.675161992551222,-1.2807503622091003,-0.4650882995142041,1.6185192308257763,0.4353445569219786,-0.17500518119166825,-0.056397390985517715,1.167348164718773
1.7941865200353035,1.2075755012730636,1.4037845863691911,1.4775415144127175,-0.7541235801690189,0.1574443723604315,0.2851627597713281,0.6632807821592368,0.6655615170392073,1.0815389723148618,0.6534780789847562,-0.6142504142563534,-1.0564706041045626,1.3564216238301658,1.7235657168318668,2.090512259355188,-0.5490838178015303,-2.298621043704134,-1.4664267102929351,-0.3729022365720056,-1.2517596614619226,-0.1566884670234108,1.5839513173522053,0.4335071491850872,-0.2715961257607462,0.5636889293856863,-0.5342705322169197,0.4667951956395787,2.002683135608057,0.1308488083050269,-1.3898054325142328,1.3789648454767989,0.4306021549732065,1.185753792034563,-0.8481683926720768,-0.9463149739410064,-0.0284368180821625,-0.5203959876831066,1.2599580892315352,-1.4790417292090785,0.03607686254977009,0.4310425929610765,0.5616476836059305
-1.203925663098503,-1.1653210390175608,0.4887172278806523,2.3151014912590844,1.3199429244289969,1.1418554889788397,-0.5614366711579898,1.038965281233711,-0.9771979637995042,1.2988914434052068,-1.3031353752353547,-1.032739830904409,-0.5797077008790413,1.1126032957543035,-0.4444002266604406,-1.5948822227014514,0.7672572717311475,-0.791156071287247,1.362496095315833,-1.1109838266199077,-0.769475167454673,2.458893728179135,-0.8581853684214241,1.31974660688976,-0.945966599564338,-0.2167557188425879,-0.432208423261507,2.200030137027948,0.0894132602593603,-1.7916654711476512,-0.2112597446506912,0.5988033108242602,-1.0918978541244586,0.8695029164840533,-0.239311416071932,-0.8516376320345014,-0.8341033032195031,1.938196885660204,-0.0900444235889882,0.4766110757199514,-0.3992249180073178,-0.21033389747664866,1.4698602881087346
-0.0022116912795913,0.48801948132881,-0.3904452788543965,2.1554844358246013,-0.6829593768258301,-0.7149156556646094,0.3978281593193145,0.1069477441500982,0.1583948274232139,-0.880641642739402,0.142494716200015,0.7786879558025858,-0.3840928489175682,-0.2749604347054365,-0.5409360321458416,-0.1974411649854948,0.2082735395132748,0.8401955633747297,0.1397291934828257,0.3651038267937448,-1.423582511220443,0.8199651342836135,0.4178417233479184,-0.3404638411673426,0.6168507539995153,0.5250386646616586,0.5121765758952972,-0.018106278375807,1.1348215794624328,-0.508135981472703,0.4306150127694501,-0.3706601254747652,0.7596093654689021,-0.7835665298877241,-0.4146407254955723,-0.9190496592558876,1.154691186732282,-0.054367988194311,0.4511662939777447,1.1013494520783604,-0.022065766240717856,-0.1470250254493997,-0.859412455498307
-0.87872523351678,0.4235197688382349,2.277004308241337,1.1215683384362294,-0.6724775974818976,2.249558748222797,1.6984027505016994,-0.4795320436880347,1.6147542621673474,-0.7886080492985629,-2.129743217444742,-1.2962258563904423,2.026795189357219,-0.0540585974461912,1.3184972397652586,-0.3510416354772762,0.2044388851673014,1.065908502623116,-2.3555742829418183,-1.394300380893486,-0.3565507136683512,-1.578509963154907,0.7604586405504712,0.5319335182206903,1.9536609238161875,-1.783509900842119,-0.9775091343482408,-2.021845446299534,-0.6948795557169061,0.6786240980324785,-1.6382537174588023,1.3384430369884346,0.8974038924414813,-0.2338410179845577,-1.022718504868001,-2.304018851932335,-0.7466374873469691,0.2253377519419644,1.3365875123435238,-2.1864711843279125,-0.2899534076849567,-0.4835733115343303,-0.10154580929123969
1.1144012297357415,1.3495515317374518,0.2317548087594397,0.401506116810355,1.4714928036290675,0.6999058646137865,2.316038035880293,0.8581536671084706,-1.203732120200092,-0.1848343715507662,-0.744464284542238,0.7031876346280068,0.9342547961918488,0.995896886432491,-0.0023448953136741,0.0290224986355328,0.0813820389932905,-0.0751614761759627,0.4717744377173158,0.3990772786696793,1.7184573874947988,0.7168825102696447,1.0003439749733676,0.0218181064763429,-0.3523191506701904,0.3241669241008141,-0.5305757426160899,0.4308776643597309,-1.3035680484407035,0.5917835182863811,-0.7310314794330413,-0.1442392573570843,1.0847142562929828,-0.0500425163060302,-0.2341569683932477,-0.0874306671969956,4.714163918441729,-0.1396307411794647,-0.7083474328626989,0.2562563762167554,-0.45727825301444813,-0.4069335336804642,0.6790691506186668
1.068899257518085,0.6755555975442407,-1.1584384961834495,-0.5636763972362493,0.8842280514528486,-0.5894672843041306,-0.0656716253972773,0.2416914914982643,0.0305810364588473,-0.9389082628219352,0.5464486255326161,1.410785179145791,0.4887578759321102,-0.5682780740865541,-0.3052460078662325,-0.1603585910796056,0.0303319760221281,0.6504577043940998,0.9660467930668512,-0.2061019708252922,0.5873369714207054,0.3087454604910564,0.6215581959517837,-0.4263731808246427,0.3083626483568482,1.2636780938743637,0.1537653614022318,0.3961408284498771,-0.2428281553985049,0.6044380551358722,0.7130424686626892,-0.7262340262512288,0.9119683647175004,-1.452592403621342,1.032069633732462,-0.0106412235528977,-0.617520809288349,-0.0566678784380443,-0.0939952916164953,0.7518728056281939,0.02581784602925555,-0.028387571201050593,-0.3956606973418861
-0.0587990707672766,0.4359121918823999,-0.1737473780507249,0.9216045257315828,-0.374175502690581,-0.7374552988742428,0.5576736699941407,0.6246761950798779,0.3644718332157646,-0.1437201380302125,-0.3420107645705024,0.8826464270424096,-0.1292958441028333,0.3471760328974438,-0.084462688581032,-0.0182956564023165,-0.4026146451443005,0.4469076113463653,-0.4910989076058882,-0.1301480306369488,-0.05670786708195,-0.5611107935779815,0.089184910274608,-0.7772570972666079,1.1618836490512865,-0.0464826885045121,0.7981734406780435,-0.2160068266696224,-0.5597744698836281,-0.2579394663029082,-0.0377428855554897,-0.4296936940344609,0.1026472492298122,-0.4095356840820003,0.4149001846973288,-0.6115579667679424,-0.6891737382895429,0.572768954175776,-0.6950010824111453,0.0002059996050101,0.34324313925527955,0.039940044954982955,-0.3075720173219132
-0.2207577334220846,-2.2877917021671674,0.7151057420178997,-1.031884620475751,-0.347011902867481,-0.954148135768948,-0.5614366711579898,1.4632388942243637,-1.341829409569005,0.1069988857667663,0.7793842937937978,0.9578169183370386,-1.845080393982975,0.9999162128883692,-0.8690049108765469,-2.116461282895332,0.9485659346723302,-1.8983101489834973,0.7771669352225187,-0.7237024815031474,0.4902110012550955,1.8004179815011756,-1.297261618788674,0.4118864768466688,0.1201707353625952,0.279688763928021,1.0182026310785262,-0.4825804208389689,0.0604261749179314,0.7173679629021786,-0.7879341259113478,-0.2587277728053648,-2.367060796797882,-0.7883448309307794,-0.317445572006102,-1.6263840797626563,-0.8909753342326112,2.797213792478212,-1.2993709458587015,-0.3303422503698238,0.4337451455075993,0.40510382954566726,-0.4118544133382258
-0.9523151330971972,-1.9427694306027528,0.9960546246512392,0.5061823889338503,0.2245159053539371,0.4115316765975934,-0.5614366711579898,-1.1767178180456983,-0.3289226634558748,2.052449798392312,-0.5462991528736518,-0.6403974283919769,-1.0760485419803825,1.2834499923251017,1.2631648185026936,-2.3292576845227204,1.814980868959619,-2.063525739640748,-1.0530885385711373,-2.091003094394293,-0.4314565433946303,1.3122604559934592,-1.6986742075747074,0.9622144442859398,-0.7998460843342854,-2.1979924721444384,-0.311224396917483,-0.860813473999632,0.887181191620868,-0.3450913932441638,-0.3808446137914016,1.701297348775432,-3.4717982865472194,2.129838753084997,-1.2196506567987422,-0.5360803750789672,-1.2807503622091003,2.166068356334196,-1.2480991490383528,-2.349602313535252,0.3058776721949505,0.17524809964383725,1.6318035962046398
1.5589396550744825,-0.1557993865928168,1.659749872608809,0.4174376290207779,0.3564582287947134,1.566946798244938,1.8211821854344368,1.1356220367557446,-1.1454138095645263,2.7066548085558364,-1.2194613627442363,0.9650655644086932,0.120666310245512,0.5981765046121081,-0.2730439376682256,3.437364624407511,2.046662860097288,-0.2633949762980554,-0.742260880458361,-1.728320086312826,-0.3191373777871202,0.9099590195818646,1.0037663891051192,0.4417271583310163,-0.1949243038906617,-0.654288368757058,0.0618054296304269,1.249161603690906,-0.2384849645369955,-1.1224153451094796,-0.9231989832746916,0.2517066294208605,0.4853313534260872,0.2470546826193225,-2.504496044883151,-1.582310818981287,-0.498933296127319,0.941570158900508,-0.0798718032189963,-0.76799718825688,-0.5321947488137944,-0.5854412474144388,0.34651718064399123
-0.6781434460675861,-0.7039145023542634,-0.2737644252671533,0.981222613577119,0.0385956821777145,0.7390215038048996,1.6208060662570312,-1.397146100860405,-2.6654466441042617,0.8851452011648318,-0.5369628556977399,-1.2082970290687267,0.018840308315803,-0.2413789995718966,-2.251402393278037,-1.6819794519632405,1.2605473433984458,-1.2780123231377172,-0.0863279871344806,-0.965997618298566,2.193673510652241,-1.232157580736554,-1.1411974773257207,0.2782552053938951,-0.5064147799790101,-0.3632577372755761,-0.8781071758599247,-0.2788419154217731,-0.628465176313633,1.5639901843907964,-0.0286574008237152,0.1718061844535436,-2.000273123454181,-0.7014680975189452,-0.8690522930305493,0.6279484530859252,0.1018665093683429,1.033634458999613,0.2083558147625373,0.7565953959480992,-0.25600211169054765,-0.4134448950997229,1.168453638311106
-0.6091897984391234,1.004319690467053,0.1860995333317128,-0.6984951633027633,0.4947882424352167,0.0225674572826285,0.5012967946514297,0.3019506346358778,-0.0248931730263655,-0.8821040885707424,-1.2216957631741627,0.832104731784417,1.5004213916235676,-0.1306403020714551,-0.9323826804734282,0.4273370157554455,1.1414530128786704,1.4870660719459754,0.2301715908462809,0.7339605669114054,-0.2139420215151332,1.2587047391361332,0.6251338052315047,-0.7141914815360181,1.12666324859275,0.1113924558562598,-0.1919006309228539,0.7617817152001897,-0.2322123884274889,-0.258286631446442,0.5374786718119368,0.4396849852418831,0.6714243788755629,0.3229221447074183,-0.1555014670791863,-1.226794316928617,0.2009893787415956,0.7402217092220167,-0.203103699025778,1.2225445983033578,-0.23481426572865244,-0.38090873577973994,-0.7725649931981893
1.9154353729563356,0.5012363527653284,-1.6738355734610226,-0.6089431022310584,0.2561790630127504,-0.3569420395794121,-0.5614366711579898,1.377726583729235,0.0110117596846758,0.470046121248458,-0.4940366796213366,-0.1912970388856787,1.2378131225022135,-2.605093815213808,-1.510282378584327,-0.7483177771677614,-0.8257297061094193,-1.041264710838816,0.8757792052857034,-1.6823041195653232,-0.2216486015584871,0.1921364898827158,1.253267855950733,-1.6133806485130533,0.9304741298744796,0.4759976140844179,0.0521946393379475,-0.5718602612424983,0.1081920048144593,1.7092770839621176,-0.3956945890054497,-0.7319153803207593,0.741457830932976,-1.3617236407041664,0.0385270219718905,-1.3533652344182223,0.4674204142560942,0.0729071734102603,0.3457769003502471,-0.7385540355635881,-0.041358195398469313,-0.31674889604415946,-1.0393996207644867
0.2687270615927844,-0.20871161914726,-1.2735181418957586,-0.2998760106229455,0.0098352145795049,-2.1918364640301373,-0.5614366711579898,0.0851986634599151,-0.1440680877512029,-0.571144988411815,1.6250950882622437,0.2620433378397948,0.5208145751142177,0.7716137973787688,-0.531142136494779,-0.3511636008287488,-0.5233108860446052,0.546872796305924,2.3301254576812145,0.3836064873998313,0.7552388007661709,-0.0035147797709934,-0.2575249574788931,-0.522003314920597,-1.4249186861467222,0.8446794923781126,0.4489221942955164,0.0772834866866483,-0.9400389627661612,-1.2186914339844444,0.9724603372111672,1.827637374884546,0.0888641218529572,-0.5174626534451893,-0.1993649504999935,1.1446818001502432,-0.0692444414410332,-0.8757599912271506,0.7026089869712883,0.749388246219159,0.05191367614994911,0.31308263064787156,-0.20466612544597543
0.0134332571500835,0.3407207731095057,0.5761384647819778,0.7764751819361657,0.666483695711114,0.61705956613367,0.6219628824421171,1.7361986386088128,1.1536333322805377,0.0066081420749667,0.1900855001038569,-0.1452685600181593,0.1852363570741297,-0.2049136573914886,0.4739213306283548,0.7856601409744131,-1.0574742768402212,0.7059292589690498,-0.7702490210728319,-0.1943713443423107,-0.8362556389604894,-0.4540297490980811,0.2568831441582034,-0.1009459933324429,0.2278873815815468,0.4152244685940096,-0.1976978469479784,-0.1903868233055577,-0.4893880431195774,0.1991689449270113,-0.5251874718362495,0.548763949800219,0.603322779949633,-0.6165829294431243,0.6168606561502122,-0.4841551697446933,0.0714227481631431,-0.2004606381079163,0.4609080920038109,0.1020962561469068,0.4816433196632427,0.2513689150550968,-0.4032388438406661
0.8512037430037654,0.5595447659308399,-0.1473884175552128,0.7224347414040821,-0.2162333317801633,-0.7467298406903807,-0.5614366711579898,0.6867562794718916,1.302942915373523,-0.978123422661922,-0.1847819266068454,-0.6521983810318239,-0.0405372606465823,0.3399082441208715,0.2128654970991138,0.4740819205121993,-1.2062399359840976,0.1906592353819148,-0.3868153918648834,-0.3703791405898663,-0.6681865878030254,0.4430654620512012,1.2762786147236986,-0.3451706342722008,0.0682678168583821,0.5353700068020637,0.5887256947485657,-0.495755894956795,-0.6777163780191346,-0.3084779476704778,0.7671864768797042,0.0138827271575224,1.1490131683407296,-0.3153100976299578,-0.1990781591987463,-0.7509470443639276,0.3151125485283526,-1.0843650974754753,0.8755433779862749,1.0275559605689295,0.13931965434133306,0.21413533263473605,0.016639147385997415
0.6985770333225849,0.4515200267259242,-0.5606807754598615,-0.2614035158960509,0.2601712696282543,-2.087080495187425,-0.5614366711579898,-0.8415093682125935,-1.813030149410923,-1.8317886876953908,1.066615916691483,0.1500755587970052,-0.9719375681564574,1.128866390432623,-0.4546863301766924,-0.4603281327259842,-0.3169189096986225,0.6808424442776875,1.5351498158877697,1.735997116008006,0.6762529330007826,-0.4124075694110521,-0.0340569284482263,-0.8242483042788219,-1.1296878451512824,1.5793165784644616,0.8235704013430223,-0.2772544828487808,0.1723935356525112,-0.1380938801806118,1.5793855573524729,-0.8255485607082481,0.4689618846459328,-0.2642265850100405,0.1343257020720611,0.7187603657524623,0.3398157201013535,-1.558347615428715,0.1840078886244804,1.3922407928488532,-0.39337524610180274,-0.15233717441518288,0.35440277733654435
0.2980057736067437,0.6532431657479757,0.6019150026907454,-0.5820531934993693,-0.1345268147269076,-1.8972964644312824,-0.5614366711579898,-0.3599485443171459,-1.189115449129597,-0.6420273883950308,-0.2325234285414363,0.1088983052541327,-0.9753690433988408,1.1573939978899408,-0.7258828609078813,-0.7075949519827549,0.8094339241639754,0.6070650661187511,-0.6778544663839674,0.363517844352362,0.4421677454853355,0.5917442024766646,-0.1304470331513032,-0.4665077803213407,-1.3061956413290683,1.4808823774358657,0.0103737045516697,0.062719788108473,0.3345416472782784,0.2577009700377555,0.9030933826230876,-0.7954476644319884,0.2250697453444112,0.1737444943569677,1.224692885122958,-1.175193565926194,0.4799856949639084,-0.1759321740034555,-0.375020311325674,1.6223609177137237,0.2469924269506569,0.32342574096250915,-0.548539383061294
0.2743233508444853,-0.467069808363864,0.1244501284469438,-0.2140347251104199,0.2017963829290328,0.0815984623864599,0.2122679625100671,0.5450176718785654,-0.6355207770256209,0.4587814258077738,0.5011705310865013,0.2287005009975448,-0.7086051105719212,0.9745643799978856,0.7099232190696069,-1.1785481723657512,1.3131628850333723,0.2223607519964931,0.5889775129109955,0.9269767669963772,0.3787688642746101,0.5642752726915081,-0.6123811335947541,0.8695298647153834,0.17330021808905,0.175434909056204,-0.0907525640916191,0.4218925773125978,-0.0059150199933409,-1.413577265619085,0.739750187848621,0.705755783581299,0.0092330487485891,0.3192835347018199,-0.6740601094489334,-0.0205386132504296,-0.3170421906591507,1.210008535607164,0.3940269943690596,0.344613130035636,0.04090211455768888,-0.2035505864191759,-0.07623745235352748
0.2299316728113673,0.8538077204978348,-1.0421114870575543,0.199794747151351,-0.7099645409346881,-0.8495800687751403,-0.5614366711579898,0.0252049250387897,-0.3741041534838458,-0.3754570875029433,0.8181875639315073,0.5722639645796915,0.4677619517135625,0.4791835155681171,-0.3064995927219049,-0.2284972521434899,-1.4642482924476996,0.6483679535721616,0.7295776298219581,0.718606648787694,0.2304058498948621,0.2570332814365886,0.4737789307094425,-0.7547986082014538,0.5552356960554772,1.3151996917191224,0.6138271670019428,-0.4444318441508994,-0.2268849768053848,-1.20552110003803,1.551777465529344,-0.0891281580243486,0.94315496533489,-0.9076829878371444,0.0529432304336802,-1.3659233314724202,-0.0745417730528444,-0.7460850716966083,0.3044346667672754,1.4709710901423878,0.0015820493476131983,0.02146530610409448,0.48291964771513757
0.5938893440167751,-0.028813685584189,-1.4604089745160636,-0.7704523862310286,0.7395313840626329,0.0940856445533942,0.1944206391825415,-0.6934390574157075,-0.4634481002431707,-0.561065814190916,-0.0554658530784854,1.1518501843211784,0.6894254792055974,-1.2810519907389566,-1.7073026817868993,-0.0842348334078236,-0.4360634174394804,-0.240562273041286,-0.4323454744382,-0.2292735109841575,-1.3055695600786734,-0.1991249878209998,0.9460220425913068,-0.0196765219203323,0.5200567381802759,0.7880141142507674,1.0385747798290597,0.6042525470119842,0.9040716791025072,-1.849150371916544,-1.041330827180827,-0.807438987530394,0.9977909671544848,0.6870162481430585,-0.2868102189112926,-0.8869483046369618,1.089739048256895,-0.4891652230819628,-0.2068856383304232,0.8210058780240158,-0.39966555428758205,-0.34784607719934024,0.20365859622550522
0.7553299172391086,-0.0330022797414183,-0.2502447047433766,0.9285846026496676,-0.5064673439027905,0.7124081381243529,0.1184565768608459,-0.4400387329554528,-1.9291342944018768,0.1260834687649654,-0.7956393244751508,-1.9067756247917529,0.8242433467448834,-0.9482919546477132,0.5159068894958895,-0.3761645313196661,1.4172880835385728,0.0206243157709994,-0.1557760938449466,-0.0227497879959284,-0.8234166063430126,-0.2395168115193983,0.7476113351407051,0.300937399814515,0.1615446434259101,0.7846301731185027,0.3719368159823537,3.02412088667175,0.1978128298772014,-0.7394736979287381,-0.9626827751484184,0.8525282229719465,1.0297999135589169,1.067597090607071,-0.7055277190150879,1.876490517059442,-0.4143434098874036,0.6159446753779707,1.7114704564045764,0.0599269942732483,-0.12691207994987191,-0.006270193054567748,0.984245136342299
0.4443192946974131,-0.3491744539750597,0.9236610827593112,1.3675861283261523,0.5439168953474799,1.005998267913686,0.8023205378862843,1.0715526070771528,-1.062917824784149,0.4263200135084994,-2.0713487013658884,-1.8774213620065232,0.3429787460659358,0.6329418294517957,1.5065868276733672,-1.17064237966483,3.144318900537132,-0.0037014385225467,-0.756975954977544,-1.239965165540758,-0.6359788294054141,0.815262172486896,0.6398060191218393,1.0675821582201563,-0.7033692016624858,-0.1387518176459218,0.3657299644126028,0.6717491526319906,-0.4879737775259029,0.673731590201708,0.7881454438224331,0.2881685313418405,0.1937629493431456,1.5195924005078218,-1.4993090370325644,-0.7539412169779319,-0.1051866483902549,1.6237570453502126,0.4016257229212653,0.139691090974129,-0.4171218491809271,0.0416992549954222,0.6921818374799484
-0.3981457389123091,-0.6396336220686151,1.5139207657498384,0.2477218625862932,0.402354874854849,-0.2855453241528605,-0.5614366711579898,0.7303028092979087,-0.2142046247323523,2.2311301368019976,0.230687657714874,-2.140334185559852,-0.054019092967893,1.620220375355335,-0.0049744889861294,0.441020583157248,1.5562208524273813,-0.2102446821874309,-0.2389664761908168,-3.00713942056221,-1.2657468371689216,0.5990472547334231,-0.9163748755463456,0.9237201922540798,-0.4565835420629269,0.2577193115705573,0.7956540233804089,-0.2183655540410989,2.117692570470447,-1.9533317704946436,-0.307319642339922,2.271961483788337,-0.2884339904587099,1.5514273551151545,-1.5445328222502297,-0.4585614652068949,-0.0650131538132962,0.6405406548176737,0.2885838668537288,-0.0930205458157751,0.18791002105470064,0.035207520735955566,0.22863877127499546
0.1018118304327085,-0.5529454979920254,0.381921896586216,-1.937518485794443,0.2025851299179056,1.6827948062971767,1.1761315893432298,-1.4134425668916806,-2.3350720410731736,1.4811977932498384,-0.1256130060286352,1.4296153790214436,1.0563695463661462,-0.8056110378293803,-2.225801807640496,-1.3599019388029203,2.0307951699254487,0.3260008541053483,-0.0196556748901559,-0.474281416138455,-1.5462763766812904,1.201802521453928,0.9592025656042492,0.4906712534075416,0.7574974599455355,0.1355542315399005,1.118008764046114,2.159978419248874,-0.1573386257409897,-1.909983611352018,-0.7747582824354391,-0.0621174899382892,1.4972526399530626,0.8857086423567656,-1.0075102700904264,-2.300468169334632,-1.2807503622091003,1.2707062909284248,0.9294330711447214,-0.7839485005647207,-0.5719561200705156,-0.7763468994079833,0.9541241912268712
-1.9540929418447104,-1.653789205457057,-0.5221987822981893,0.6374725032973418,1.1816706864759865,-0.8848132742874135,-0.5614366711579898,-0.3977955306306714,-1.2486285728840014,0.8599326941062282,1.1992337263113069,0.5832886239179106,-2.147731142803765,0.3001166538607707,-0.6627167662182162,-0.2254581784365999,-1.4479556944391296,-2.661018548562786,-1.3161239364920794,-0.0663408799857733,-1.2663909781377491,0.4999638541118966,-2.379402566662175,-0.0995173158873084,-0.1751823332756349,0.5954272698041227,0.7993048803313959,1.9744384525605787,0.6797881912055033,1.2481066582179985,0.5788882875373189,0.0645594714043301,-2.564050653720427,0.3367791674674804,-1.1576900436038031,-0.0292418790139668,-1.2807503622091003,0.4058471942743835,-1.6906817562970466,1.009862288895804,0.8068035229782824,0.5720122660645506,0.33100099535632016
2.4005172154204644,-0.1500447240627381,0.3121162612312522,0.9082958117140691,0.1759744350142048,1.1705568813828684,0.3846704126238853,1.2306562690063063,-0.716347653452559,-0.4898610246549808,-1.1920836080579236,0.6555401754857254,-0.0180954207169609,0.1363461526862218,-0.5272213284742975,-0.7193539813324845,0.4976037308752284,-0.7082491071274701,-0.5168488202639877,-1.4937753385068304,0.165919726651696,0.1795450801520352,-0.1561436195173688,1.1877277375191084,0.9135583369362592,-0.592942414777494,-0.5532778262223513,0.8227025597524573,-1.567486993073595,0.480092078732201,-0.2656915854122046,-1.5580552909900738,0.2222486772212011,-0.1805807313788581,-0.7208926209742029,0.3782086854337534,1.3035090146951562,1.197052015112116,-1.1885863771885803,1.216891137722515,-0.12881790666126008,-0.030801171718560255,0.25618933295354945
0.3200637401528745,1.0103206775273477,-0.8032321501228076,-1.3190773819438275,0.4655186706247197,-1.0724400901309306,-0.5614366711579898,0.8108769700079844,-0.577626419301542,-0.547742831805874,1.224164869598676,0.4060507988131401,-0.1539131535917851,0.6544432693903235,-0.1813195647074876,-0.132663943183839,0.047005161179749,-1.1974786785416751,0.3334987058118679,1.136326358954884,1.0489619133532266,0.8175237157869719,0.2853938874388328,-0.0853432513790058,-0.6390924179523878,1.4402363235837392,1.0884715081950893,0.0946562439421584,0.1282076495013173,-0.8607712033042254,1.140424032268087,0.571876445946862,-0.5638056019154813,0.022028474910611,0.6583220376018573,0.266181408020824,-1.2807503622091003,0.094093489385241,-0.9370265229518332,0.7958133607552541,0.33340535036053615,0.24549670684763197,-0.23282747619909241
-0.4742713315929405,0.2406738665795279,-0.1829306722933878,-0.3989296736631184,-0.2493340183730002,-0.9184688103627912,-0.5614366711579898,-0.649505255640882,-0.5341745102114182,0.621712821861645,0.8692181986226452,0.69540995438312,-0.3614634138658373,0.6674040695348464,-0.0219058909460263,-0.2013349914048403,0.1944657501977101,-0.0666610208017984,-0.2060186364396984,0.6371133237554751,1.11993532936984,-0.2379122059329663,0.2702392235459809,-0.4649228864283903,-0.8327280260159129,0.4039129968929456,0.8466106007045715,-1.4231718439172814,0.8769132415535537,1.1681301340058283,0.6446248395362191,0.2108940180157348,0.303276431525422,-0.0648081551621801,-0.1283759396551829,0.3090223820885032,-1.2807503622091003,0.2485613774399678,-0.6402034727371468,0.5979168818742449,0.1068734509360073,0.021596574951775083,0.5953625187010454
-0.1900271711442599,0.1521274956068072,-0.8012845863560188,0.2110320113298261,1.6009071851436931,-1.053941715550505,-0.5614366711579898,1.6442558150101427,-0.3098664384365008,-0.4547693346347141,1.250992689004842,1.2272769283697271,0.057117392199269,0.28827256580683,0.3865796827685706,-0.837526936453868,-0.4888165066370497,0.6752424342629062,2.673728390501355,0.5061972671834003,-0.3069273817604139,0.312611637604738,-0.8452183700556986,-0.1847091024805844,-0.4061165636429092,1.4647114087930038,0.6842944215837692,1.4541766136798469,0.2310935616012504,0.7954633633902475,-0.1901326759172789,0.1077438685105189,-0.037813982124742,1.4327204680460544,2.323691948216198,1.261390364186893,-0.909279064051398,-1.09929226151333,0.2812384991110417,0.4051922849802222,0.0018379176881994244,0.16049294315560828,-0.16611982228304495
0.0844011961720745,0.3501494989897598,0.0528481955851744,1.909722508287348,-0.076074075160718,-0.1295833067685142,1.689711834098005,-0.0015495875687762,-0.167349988745289,0.774247660663667,-2.7333030974694394,0.7737212919148156,-0.09996079283024,0.2332459681755705,-1.025582914469331,0.1304186393641352,-0.026990989103961,0.3533369811023872,-0.2083968010421445,-0.4585053102553438,-0.351710270034548,0.7458890718546141,0.3480903529053781,-0.3177335295246473,0.7613289887581053,-0.4410632941419519,0.3952616220706862,0.6928418509962561,-0.9037413430657478,1.78176346240719,-0.3785772081494822,0.4737872004618484,-0.0308546074405943,0.7429189086360467,-0.4930399388777202,-0.3932656170214004,0.3386126966146935,0.8957291800979148,0.8165886655328177,0.0900849841471678,-0.0712163950111333,-0.23508808284887514,0.4777006713917782
0.7261319103283158,-0.0852727626128794,0.4354153476369442,-0.9237176813276712,-0.5370940461211854,-0.741232978647143,-0.5614366711579898,0.0455650609879122,-1.142934169735666,-0.1862446195786912,1.48324423439068,1.1943187237853767,-0.0108784956753097,1.6111563935677229,-1.298986703602906,-0.7678650503134405,-0.2214082442341747,-0.2224516737699497,1.8576080778515816,-0.5276092777118958,1.3648648052344974,0.190592063232188,-0.9150765827832305,-1.1807926841325496,0.0597614960443984,1.138001168069586,0.3301891497831092,0.3472683261686655,0.1821558843271654,-0.4623024965483284,0.982393367637128,-0.2569503420963571,0.2528392762833645,0.4124633969116166,-0.2864326943894884,-0.3061665284994484,-0.3351061213590423,-1.216338891493997,1.4627225661250018,1.0799604171231134,0.18873599477401395,0.3236514023317043,0.920460306941051
-1.2440911088739333,-0.0478099007065937,0.0388740002555111,0.2519732778795065,2.016204370204577,-0.2527629111234995,1.0578010608254549,0.5585088874436849,-0.3939993623468316,-0.5532956580804768,0.0858815965970609,0.3267785501745658,-0.906750155486507,0.9739455473893962,0.0395235840133116,-1.4603887478726227,0.1696485097789181,0.0249771850354724,-0.382904872179405,0.7632190493037952,-0.3889934981041026,0.102433478336929,-1.5151679354057173,1.1747952882463604,-0.5520583183704827,0.8296086352382476,1.3288472105524594,0.3234229822226963,-0.7673122204623977,1.2262124247342192,0.3810539699030448,0.3576193860151416,-0.7469951655922006,1.2611731606842895,-0.569473496849923,1.16727675512909,-0.4247997418048952,0.82423289550235,-1.6906817562970466,0.7225083937542055,0.5502994852120663,0.31724601398425467,-0.17698970286929608
-2.144452387642694,-0.880383176152658,2.26293741325341,-0.3738829538992388,-0.8629441597818535,-0.9714979664860406,-0.5614366711579898,-1.1838506597735654,0.8414698898386496,0.3096689434313999,1.5560918076521013,1.3587245673585235,-0.7486508967854841,-0.0938861708908103,-0.7611682299290792,0.8769188072899897,-0.6762546167006511,-0.3114406175173445,-0.3644177664091784,0.7088298646099737,0.1923154151697393,-0.2109464040330729,-1.1370082285805383,0.808226601057726,-1.3246545476752247,0.003419710091251,-1.5337422209130265,-0.8204491096014186,-0.1898880517063001,-0.1200713659253435,0.980319056212682,-1.3119716647660846,-0.9996846436928236,-0.6746071973067963,0.040271304609291,0.4983126953441998,0.1924008137276326,-1.1032638655955187,-0.3425311456698297,-0.2504404275253688,0.3352751108719763,0.14019470350191623,-1.2510614487316798
0.4052533876929318,0.5002553814553303,-0.2807677041027813,-0.5779375461805527,-0.2214870167109579,-0.4886417397839166,0.2435184251831088,-0.2151267562528956,0.3755956581818857,-0.683880006940199,0.3155129514658305,0.7033055006511343,0.8017565948344284,0.2341108835665885,-0.0309841464417475,0.9255222262528152,-0.6829564726049874,0.7352361481343439,0.8966606994186553,0.5103750169732658,-0.6674700814961628,0.0963254047452717,1.257079131554003,-0.2511799762498208,0.9132920700526844,0.0460144506074067,0.2355784717929586,0.5028602943664006,0.8674988412933571,0.0073165464625187,-0.2987301786395111,-0.303607654693508,0.9905533825059276,1.1319559856361538,-0.6280277826397772,-0.0466732446003189,0.2622226841607388,0.3511509586101188,1.2911817601527975,0.1898169644952608,-0.12281858399772563,-0.04432395369131997,-0.16763074313807516
-0.2192949790099442,-0.1180079864104354,-0.7767142409483383,0.4571633632297884,0.9118570624774244,-0.4004215090153736,-0.5614366711579898,1.8418332425464568,0.9245731538953644,0.626851030159748,-0.0507376182200541,-0.2793874121088253,-0.7373751585205313,0.268323687701399,0.4023220721761427,-0.3103892928360828,0.4784442037157078,-0.3749671583209559,0.8682975406899975,-0.2892125212031659,0.1615752019425529,1.7221819724959069,-0.7878374727533614,-0.4728159074044585,-1.047987136758907,0.3163464424466997,0.7830177147351136,0.5159400728743337,0.2349335416142778,-0.8434473651824002,-0.5361705571760644,0.0037948110367261,-0.6945319774767306,1.0882743802291992,-0.9675383743622876,-0.8568804514775766,0.0134928618551698,1.1573248837473296,-0.6121535424068503,-0.97461104170781,0.10710087458174823,0.23903724204549134,-0.9428132896877038
2.022794560525087,2.0364816153992416,-1.2033575944138764,-0.2783016622322244,0.0299702063983047,0.9763796115456296,0.1642568062676652,-0.872976067873744,0.4334887885548558,0.0082689534645929,-0.4238377369684706,-1.6640439401199307,1.2109807825636127,-0.1326173836109742,0.8542795126799337,0.8577941197164238,-2.290829339143558,-1.3192694146019273,-0.5107674118390938,-1.1085750089089077,-1.432519594038069,-0.6341356753769477,2.200350608727717,-0.4660671444283355,-0.138838572362968,-0.323490803350384,-0.0046040275101335,-0.8644769718525521,-0.2495616291693545,0.1439598594412574,-1.5726072681407508,-0.8038365828205805,1.6014873486944865,-0.5033903809058856,2.26857674566697,-0.681923761420993,1.4036160089319476,-1.8116890139393145,1.7999510883152114,0.5499906994687505,-0.6202152773628201,-0.36884148782732523,-0.5779582574549355
-1.6834231204168992,-1.6454036387264588,-0.1299159978674567,-0.7642352968857957,0.4715579258130264,1.2193072793505244,-0.5614366711579898,0.9878989058348054,0.7181485123114603,0.2673469262010244,-0.3583719471929116,-1.3248624061968757,-0.709974452483925,0.9487724354980868,-1.982059071056379,-0.5597405313466906,1.6590444394863624,-0.9822646486384492,1.1465720927022685,1.1706501059794476,-0.6690840366168652,0.1631531862586834,-0.970725909996604,2.049216074658572,-0.6473370287228996,0.1708559825023054,-0.6436646552661963,0.8871068337329606,0.3591001681662385,0.9275236490721014,1.0690633625408783,-1.575091983838524,-0.8657281213959899,1.3218805028847067,-1.652822576938787,0.2511711137632892,-1.2807503622091003,1.121838817013045,-0.3730338796306056,-1.6409619240617876,0.46081294396586525,0.2746709450093549,1.5128483941063338
0.282240027431056,1.0052610478092283,-0.8541025433056384,-1.4266446955816403,-0.2108666515844165,-0.5699772010301033,1.314419682447151,-0.6508860456289842,0.5874024335415385,-0.8935005079348884,-0.9188131910485808,0.9856297851963816,0.150660868552267,-0.7163506617407539,-0.9911827201358908,-0.2220628892547076,0.4735265094464512,1.1922667169152907,-0.445954123357626,-0.2515152807051217,0.0187003858366408,0.6237408704254279,0.8898678633109703,-0.9253679248170624,1.807717498787332,-0.1548398208585513,-0.3779418429074899,0.0499935322325241,-0.1381607868936622,-0.4801216532267761,0.4215555600663373,0.3603448521127315,0.6656397938013809,0.3578691202566813,0.4687968641660656,-0.5563881903017571,-0.289147722310942,0.4044936511560223,-0.0064545014109329,0.0955019772171916,-0.3690558645452901,-0.4630933200097003,-1.11700793348012
-0.5895741566880904,0.0018295937668771,-0.2267355949270505,0.320608003900904,-1.0615793164756966,0.0212527101104678,-0.5614366711579898,0.5962286326820095,0.6886661846845621,-0.0195550917598445,0.226115664585337,0.0435158098773614,-1.3573122230810015,-0.6759386466923423,-1.387884563633738,1.1620512651958717,-0.5787249529701727,-0.5670003064028072,-0.9875070022373952,0.6808536268111316,-1.4032432352126527,0.2324693396332993,-0.5165834141611101,0.8374333828660017,0.5444438613330556,-0.109428831133413,0.489526107187155,-0.8717689956027589,-0.4578001652719011,-0.2289748671424158,0.3755599936150238,1.2953756106921028,-0.9585341519668183,-0.7641815112317502,-1.2578876819984917,-0.5255280628739336,-1.2807503622091003,0.6987095085721267,0.4545970762582266,0.2267327103313225,0.6684664142404463,0.3456459694887221,-0.09519692930127795
-0.6540020225619477,0.9427292407049748,1.0761758475881975,0.7390295142495236,0.133401940498835,1.1167801278557217,0.4466452539484786,0.4768099079617978,0.2225935680455655,-0.9247333947738784,-1.6303152882725964,-0.207681305372065,1.025403967036448,-0.677745601150052,0.1514748202911799,0.0649849998912699,1.249850972035217,0.9258970755680732,-0.2237599498792629,-0.4057798508884815,-0.2702388773330972,-0.0586031098373101,0.2743406003836228,0.3591131879724741,1.359082035920823,-0.814452157050375,-0.2934665911020529,0.2718484759508089,-0.8905620149365786,0.2829611652154813,-0.1975346596169879,0.5216966995132576,0.3456966153350794,0.1045364627036988,-1.267186243127842,-0.7184457345534102,1.025315345561296,0.2577784040426431,1.0660405241282354,-1.0369563245653752,0.0246968174706664,-0.27558045518020213,-0.04946300597134706
-0.6631893304450808,1.6712232282038764,0.5181801070477795,-0.6865654201070944,-2.046208185790301,1.4444497287144078,-0.5614366711579898,-1.3039330058453795,1.524214122934718,0.935231468879936,-1.6383480899536664,0.3832549820397476,1.0427327469441676,-0.3991383837581322,2.168617872451964,0.9696067498745162,0.0241853044997592,0.7808717651645173,-2.06257730852265,0.2031693333158108,-0.5925670072974686,-1.4174279928511582,0.4830292124775334,-0.348520161207989,1.2646511594292384,-2.832026132979484,-1.304754622936736,-1.753918148565338,-0.2329190642133715,0.6158510163019879,-0.98186040839141,-1.291772912428892,-0.1421205497767339,-0.514026804926138,1.4942533064101595,-0.1307017617325328,-0.0257200694421416,-0.1289503219077039,1.0785216131478148,-2.923506865041874,0.06967136864208288,-0.35299629793191567,-1.038177200651487
0.1690621465056025,1.669063889638242,0.8754746032421858,0.0943571591209534,1.685442687153512,0.8786961037293954,-0.5614366711579898,0.6464863843723244,0.5564082345496386,-0.7390140772304248,-0.7273813238073819,0.0582049671983512,1.7691991422001003,1.376005171554592,0.8652618090459643,0.7131198949955823,-1.6540121489590622,1.0531928799844583,0.1251042849309742,0.2850721661577199,1.5660461420644978,-0.3821666223063205,0.6007229245736142,0.5157373912307444,0.2652964962249505,-0.0207103837225163,-2.9358647281937,-0.7085843463960386,0.029995921492899,-0.2399087361558238,-0.3798441639315719,-0.9884929564597456,1.0764927695939814,-0.329130529605439,0.9715954877727824,-0.1226995601394982,0.3849601832766823,-0.3187442397533072,-1.2701387767229464,-1.5650553478657314,-0.25124195266248894,-0.12868640583361565,-0.017517328875741298
0.2419283184113683,-1.856740640235468,0.1309867545957816,-0.0864928976546388,0.81066748181543,1.46161645053146,-0.5614366711579898,0.4660102355726962,0.4379272695033361,0.8603788438173674,-0.1354897572583727,-0.4389708420277413,-1.502825920507103,0.0979533391513143,1.5091201982137077,-1.458990613822561,-0.136722424730776,-0.7203561881712561,0.4591331917284398,0.5874128933988041,-0.1867472423230854,0.0276048768712737,-1.260478623489464,1.4104310403962996,-1.3270591396714535,-1.6572590850906317,-0.8536861264869064,1.5577874313321467,-0.1934304754043087,0.044055021679544,-0.1240435640048487,-0.5674268569166536,-0.9494323474226964,-0.4096399760654897,-1.5373485458192224,-0.2931656175203255,-1.2807503622091003,0.6022729916760007,-0.024678401126704,0.4189975289340601,-0.05525805917034835,-0.3071622257733775,0.204901803715772
0.9389016329698948,-0.9838330739526988,0.5850791580745606,0.5416492156992787,0.3284227455910702,-0.4034105416645927,-0.5614366711579898,1.4667038706245263,0.5847444669172847,0.9964539047156964,0.5335026501472828,0.3175208477301353,-0.4796932882731305,-0.6609406491296836,1.4468033886839555,0.3153284170491289,-1.7396777931979672,-0.140441442579365,0.7896354218895911,0.1588743644691686,0.5848666069100688,0.8266285473665573,-0.1976864964395737,0.4818126467234827,0.0746187077659653,-0.0414235322497693,-0.950907241165546,-0.1104026056082791,0.7314563310421424,1.8677611952872903,0.7802820971521547,-0.7714689822815799,-0.2832913707278957,-0.0200966684103213,0.8034445002838045,-0.5965836401432774,0.4837583961972984,0.210219990549141,-0.8656693527085976,-0.1581192857173091,0.8424656030070974,0.7753060519926621,0.884346416171885
0.6185688943635763,-1.6794377467609358,2.031467724122982,1.4212256038834523,-1.3255678100412458,-1.445397840518164,-0.5614366711579898,0.2289885597158462,-0.2033791433861066,1.026761104568338,-0.4460505896403115,-0.4374060722471213,-1.054929218328101,-2.297273613903714,-0.2222579023361362,0.0151035195415817,1.7900009843092142,-0.280636543712322,-0.2644569845884198,-1.3226195385615915,-1.2176728653170594,0.8938528094092513,0.255059999808288,-0.5941063672185349,-0.1484888919124613,1.189591088144033,1.9188707053759264,0.728241947938428,-0.2084572474463421,0.2622715010500264,0.1680582001302094,0.203811105592183,-0.167179138433347,-0.1911190296169617,0.0284193118668323,0.9858352783039834,-0.503437750223683,-0.2600851499228837,0.4065712382672198,0.6746810281475725,0.042626180697764623,0.2225837432209763,1.182861548901558
-1.9131618317065315,-0.4809891760004984,-0.265917124360528,-1.0990159273500697,-0.2040393624237971,-0.1782407709056748,0.2013009105386829,0.9493554664016672,-0.4492388214716896,1.1225714111431109,0.8739982668494914,0.1515472105213986,-1.8156549445430772,-0.8628273478524738,1.5495090560629738,-1.8240675593343527,-0.3408945090077592,-0.5731411921438351,1.8628981208290347,-1.4064470670304443,1.825809123255612,-0.1992753377193501,-0.8992976425103204,0.1610344445879421,-0.2461628910152959,0.192576219942984,-0.3426063459046425,-0.4935175891626223,0.1457821503538943,-0.6265815779651824,-0.3720472773311766,1.8688582270215652,0.3749389922405226,-0.0060873520265336,-1.5162132293428532,1.7941918962744714,-0.3282942645658717,0.6855158213805582,-0.9802379429147816,-0.2543962760053363,0.5578015142438163,0.4487697362998269,-0.165955293900753
-0.4594219819421297,-0.0308027531072007,-0.9145328873808304,0.397936889172547,0.2431978225367022,-0.8276935711316609,-0.5614366711579898,1.4707834289689676,0.3010889044610367,-2.001485857264296,1.7935131573956973,0.5013075763044345,-0.3821266779692744,-0.3562684410674032,-0.5177886828300751,1.263899378119672,-0.8393783416310364,-0.926106962819678,1.0860830700018167,1.0157515214389636,0.6484953832358855,-0.2896022663042729,-0.5401004498946864,0.2423060354968669,-0.5620643730340343,0.6368628473600798,0.2808770705922934,-1.1275715452579211,0.3610779846168993,2.06374924178236,0.5592127108483869,-1.2110282578842009,-1.295415443556112,-1.298439511867976,-1.525115540510134,2.113760361663079,0.3320617613179931,-0.6379970784969935,-0.9871910305648004,0.0427071879084127,0.6590974037784925,0.5157719120374538,-0.4483012334744644
-0.4119216251805319,0.6843913759992643,-0.1465728904650883,-0.7438132146281362,-0.3404308329702491,-0.3785871630158344,0.1124013340423777,-0.4783397246122557,-0.0448202801630683,0.63732481536091,0.9023999517052428,-0.019626270788827,-0.0107372850930002,0.0354629979815359,-0.9006800381148778,-1.1554106956910122,0.6691987982680971,0.5199544383993557,-0.0687935042664899,0.7211720720240226,-0.2721884800004103,0.0402675294453238,-0.6028590726615388,-0.3563991939543509,-0.4340965367432,0.7602856925292765,1.6037847122580973,0.2587570062334359,1.3110044332508852,0.0349481067927266,1.143242503166727,0.8365043353576518,-0.0288316619099028,0.7772473179245637,-0.342942818843497,-1.5676588426452711,-0.4208841459233744,-0.4549505650913711,-0.0690532149754056,1.6570684818663457,0.34274398091876107,0.3244085971629521,-0.11125701833502578
1.1277862494172906,1.9192156711982409,0.2257837297970752,-0.4210873424951368,0.2303177172053244,0.1020699324467264,-0.5614366711579898,-0.1075676737150586,1.3710489084587076,-0.9955321478749584,-0.7594179393937439,-0.7278850536428195,0.5790141504211183,0.4246437952222539,-0.5954655292643151,0.0568735626859554,-0.4872545245594765,1.2533972633143595,-0.7304373013573324,-0.4957585931819789,-0.9957860582245134,0.0942494365407006,1.2190242377927751,-0.6985981131335184,1.407510232579661,0.0203526038106602,0.3584513658228573,0.3332484824401586,0.1630767944848691,-0.3786649493967826,-0.0821814859690794,0.8392146194441626,0.6069075694322271,0.5755429272064412,1.1535283079959435,-0.2396868513490933,-0.0387122822604625,0.0169390912272771,-0.918582850723446,0.3101666151221915,-0.2518812847013559,-0.361404473158723,-0.5034982049896078
-0.5783097640080092,0.8415369029775689,-1.2328801427826934,-1.2057161901372873,0.2117499997253856,0.054640148173359,0.506285554830546,1.732417494670376,0.923011575333166,-0.6686153253234514,-1.0674071243092704,0.4354637170643848,1.8863242752124052,-0.455599710080013,-0.4280180792077187,-0.0034318832312422,0.09876526631653,1.7527980794164542,1.836786111016854,-0.2385342640125892,-0.3280196095834,1.4012177702731998,1.3781846837878882,-1.4078076540442188,1.636634618022001,-0.1972796438711627,0.8471667178744035,0.6619615137666229,0.011075017674396,0.3554101935032259,-0.9684624751727816,0.0266497983618969,0.9877424119921114,1.3640172756877025,-0.7536982966023866,-0.8278388934162775,0.866801605966262,0.700347639444576,0.5880492918026279,-0.3833334690364638,-0.7643840201047382,-0.5251082063163081,-1.4808032225130083
-1.7560960968949897,0.0621879514329007,-0.2861226976352714,-0.6197236114984009,0.4471927214377328,-0.4044896614654413,1.0799538511027011,0.7409681004732137,0.3455810093257448,0.7743959930376773,0.4150602779345722,0.8265080194237474,0.4647802255826545,-1.6583780473651843,-0.3247086421867518,0.6430727378572543,0.2092372908335893,0.4480416665788302,0.5818387647602389,0.2113099639109458,-0.411395868149882,0.0457288658381248,-0.9571349296685652,0.3788976383192847,0.4306970658876984,-0.7597967408447084,0.0805622158759116,0.2257432611821453,0.9327514770343848,0.7414956575573836,-0.2092684124087563,0.178011200915186,-1.054069598226561,0.2836052302730579,-0.8770918572293054,-0.8240352311273099,-0.413089481966603,0.6535856212115105,-0.8196021389188415,-0.0400539700159916,0.5715624650133765,0.24390772753495166,-0.2254802560438436
-0.847205898828067,-1.992265998705272,-0.0580919249287277,-0.2158362132638119,0.1490052685191809,-0.2789637324762006,-0.5614366711579898,0.011588171825715,-0.6223675089828239,0.9945035940882666,1.2307688633175786,0.8678863525244859,-0.4644750025057458,-1.163588342705648,0.4278420580249998,0.0232557608755168,-0.0865615235340943,-1.0586804496904405,0.4998942829267797,0.9726926077992508,-2.7096909327522694,-0.0933724265184759,-1.0264187599071373,0.5379470181155553,-1.7636523027933213,1.0063277514741644,0.4521514888863516,-0.1149837834806468,0.7590260959507286,2.523489347498772,0.1509842847026552,-0.7220873816094956,-0.6886556664605408,1.116012885059762,-1.3626740819926728,0.7563059663737671,-1.2807503622091003,-1.4427928046315033,-0.2634862413543447,-0.0141282633242233,0.43471291495491016,0.5289763332300027,1.530477882201178
-0.2410423857087695,0.5328765972530479,-1.2227883591716546,-1.977354310030341,-0.6092314497110722,-1.4183158858369187,-0.5614366711579898,-0.8084077882731351,-0.9080728527620668,-0.6497031951954056,1.3021584711235592,0.5150786338778938,-0.2340057335413193,0.0342968805260077,-1.2207384376524066,-0.9470875246341648,-1.2240607728972852,0.7446058066285891,1.4609842364107166,0.8896239328817875,1.217664609881682,-0.4521216858989048,-1.3205068814292462,-0.5851898845696949,-0.5096068121408038,0.7499616426160733,-0.0292757640638304,-0.8385345064087038,0.591562951183948,-1.0249042337309546,1.0072570856363934,-0.4795913900297344,-0.6336804825076708,-0.7711565121661694,0.301807128843753,0.1686483517907503,0.4156009593424077,-1.0909421225582538,-0.8457284576773137,0.4636623383066301,0.32421838189905544,0.4531460103826069,-0.14401591116082765
0.0530371194193121,1.5283220644267468,-0.184854214392595,-0.1112904883534859,-0.1534725446772857,0.1568644491973247,0.3680798014121429,0.8235601957815056,-0.4401577712227176,-0.2777823663696325,-1.5988121319480808,-0.3571276858602074,-0.0477338451744951,0.4762875499173194,-0.4212075822517093,0.973575406003062,0.9789681973172136,2.499699286723395,-0.2623843232330541,-0.8253333359653872,-0.2931505321018653,1.4714872483297747,1.0843036754694892,0.020555518427307,1.1201379021597018,-0.8890672679079968,-0.1904795161948907,1.007538210144062,0.0707971224698019,-1.2924088884411882,-0.5400896592119522,0.1369634584497976,-0.4519724815557446,0.8722075810929688,1.0092338596966224,-1.163169463945675,-0.789395581093817,0.8334139126934488,-0.843995372783601,-0.0943346409890083,-0.3146338943835058,-0.4150200073821302,-1.3336117569691732
0.2327442456824115,0.6922713670916278,2.120805800554856,-1.3958010025004075,0.6532069180572055,-0.233140313169896,0.2751947033020463,0.6433694371744854,0.1575923409126867,0.4679442955664741,1.3398697063330438,0.6517976199224947,0.2237454233854501,0.7925368408374807,0.903366672174376,-0.3867111584433872,-0.7288963235056228,0.4919521670325922,0.84304878787015,0.3698583633949101,0.2385096293537852,0.7041682082109113,0.7110483040339329,0.3407640877825943,0.7981808450383816,-0.814811682072141,-0.0337454317625715,0.8713821156611524,0.906437893518987,-1.0281197042866896,-0.8764519157622463,-0.1703777034260447,1.168144938742608,0.2562129225430671,0.0883082071765156,1.2198571080871656,1.288198134121476,-0.2309688213730027,-0.1008327427569416,0.2362391543929193,-0.17900981554486212,0.3975902229611742,-0.4887172933281335
-0.0131650027184674,1.4742457907521256,0.2926592819361155,0.8079313854489613,-0.4022928590587692,-0.7971204472650927,-0.5614366711579898,0.5143681931045894,0.6871041130778466,1.3000427564817154,1.5217495294350252,0.32268532640412,-0.3698988589546561,0.574545663451655,-0.8107170276950851,0.4493873097284806,-1.8480051630837908,0.2669928816637333,0.4330977103718511,0.958238911099584,0.0541059104752773,1.3777744370387262,-0.2898473683378627,-1.0284304606968204,-0.1984402504672472,1.236942416774777,0.162441640591624,-0.3703512120472061,0.679433476696153,0.2096515699184871,1.3298705809473577,-0.2459449754998043,0.1497826458824311,-0.375315627690836,1.6904097479176865,0.9291542097112936,-1.2807503622091003,-2.0012118195176285,0.0610708220946753,1.6047060324801663,0.36427611620859457,0.1827340992159513,0.3410401926281616
0.2666786322564362,-0.2800527789077441,0.0568024576531524,-0.690403892072819,0.6073430418988768,0.3002885756786522,-0.5614366711579898,0.4807889330165057,-0.2998476119513378,1.64083785271352,0.8427098251385626,-0.460072132111281,-0.0989579773440912,0.0487206756452554,1.4093115922362829,-1.1624077696490795,0.222355842819654,-0.1523877631835841,0.6377365654622819,-0.5611871990181524,-0.1637311523354328,-0.1167414886298294,0.098047378701074,0.4732113001168733,-1.4977205489612182,0.5068511200288491,0.7282314335591442,0.762669176399004,0.7918246446270563,-0.6306934862226896,1.1867024305221,1.508394816003458,0.6931954257020058,1.1883950487929904,-1.0016482260818174,-1.3009571561802615,-0.8278049296187098,-0.1124412818780625,0.9865513175574054,0.3855027813632554,0.460744846338616,0.7045471121003098,1.9159742262250241
0.7649140720827223,0.5238328151249106,-0.43783778601614,0.6451536250039556,-1.1104147741095711,0.6744345641396031,1.45916387411703,1.663022514638809,0.2176424455296942,0.7964797618503597,0.0417660150478927,0.2473341705953583,0.5532903154616059,-1.4040326131805534,0.2259677251478879,-1.2554211953997467,-0.2111263491808087,0.3997950982265414,-0.4216909585729093,-1.4466246155676812,0.6535688675327335,-0.8618614711981101,0.3494605614080659,-1.7900170748336817,0.6416142822076482,0.6135757471899532,0.4375309249390128,0.3100089499366352,-0.0293205529074701,-0.2477343813038262,-1.1710117600387224,-0.8692506359209148,2.0545840720146136,-0.6934973460594135,0.3622858108006802,-0.0899201993367947,0.499039179852501,-0.0283002294204444,1.2569688587694745,-1.2950753894009706,-0.12315688413156309,0.01704553269242108,-0.07302035096182409
1.2546114078214077,-0.0324421105102553,-0.2098749999700258,-2.356911767020555,0.8752762421326914,-0.3382366475469028,-0.5614366711579898,0.5373504050483954,-0.6656392984926449,-0.4549125342075436,0.2392194573940104,1.2679112119647509,-0.0171030944789077,1.814559111308599,-1.2773332848106034,0.2343682810884112,0.5812041808349656,0.6987469839960676,0.3875934254720435,-0.331646819310695,-0.4924840524533908,1.2173735011568352,1.4728967300714553,-1.3689017212561712,-0.1653083343049017,0.7849073079012476,1.4610543033488173,0.932934696948135,-0.0596960144945779,0.2280901500284632,-0.1488680422691159,-0.1693488438243338,0.0958688595518749,-0.0199016717010005,1.465221441098853,-0.9847305828895204,-0.7227408205510142,0.7548546082377479,-1.6906817562970466,-0.0179384666968468,-0.5855094183799713,-0.3448645762570727,0.5524971759679299
1.2359508286675018,1.8236539736110344,-0.3162793194892496,-1.0575620759610953,-0.0436151991385811,0.8730444747758673,-0.5614366711579898,0.7596497786754776,2.1370720573342763,-0.8911430490233089,-1.3050951220598708,0.4838810683542713,1.7652716938332162,0.5502196018119839,0.1002108594053384,-0.0085043444038703,-0.4676924523813284,1.6016983496314978,-0.2227231050276143,-1.0144371790000777,-1.220469528917827,1.324412776036486,1.8505444353000544,-0.8149049744053765,1.2364032992455232,-1.022258625274005,-0.1645159986329311,0.4622448709248434,0.3780351930726697,-1.5296010771567912,-0.7617933092697816,0.4021914401092746,0.937222749960605,0.5400701869090059,1.3118603711502006,-0.9087145702742075,0.542567257887884,-0.2618448230422245,1.0025637055906624,0.5378462653531844,-1.1056733932467993,-0.9051281711835729,-0.5147905534837512
0.1979776453338091,0.2217691047656014,-1.8036198562422965,-0.4013294697295376,0.1922950504864167,-0.767072151102179,-0.5614366711579898,0.4091181797713673,-0.0072833576054879,-1.4996072161406109,-0.2943934379019118,0.5646038600249094,-0.2738102559890281,-0.01842878711469,-0.7109898270146064,0.2158209224813241,-0.5659433092239364,0.8537499400382372,0.6241670818807864,1.1231957188407884,1.217273847148346,0.0012112638513283,-0.0841996748949891,-0.0599776098202877,0.8065876023469785,1.027638380987285,0.5797838700997298,0.0180858207779523,-0.7061034375969026,-1.4215170140231537,1.2000801323475985,-1.5301519456751072,0.0361365499305931,-1.22605470923157,0.8933868304506639,0.16242809684522,1.8537082009379664,0.0400890742467049,-1.6906817562970466,1.29649159755979,-0.17325433708346769,-0.2617951283987402,-0.5542824116287351
-9.572870212034818e-05,0.5851666156972455,-0.5233068079418655,0.2236406461946793,0.4096236771930437,0.8539857760473206,2.4299886027260507,-0.5283132692483319,-0.745521874651345,0.3909456310201029,0.2924983187102269,-1.9654374563396788,-1.9453045214387248,-0.5204404941304175,-1.1078809446071225,2.050186845476836,-0.2267281000621145,-0.3352667829961868,0.7355137175781937,-2.8887161800592973,0.4098194860022128,1.7344396587834068,-0.5435920668852047,-0.1526553833503542,-0.208481059214871,0.4943019687775947,1.1212223329461584,0.3585011054013938,-0.4363952528330401,-1.8965275618084152,-1.5136857576234493,-0.1143857466972816,-0.5848606575661457,1.1768996233675966,-0.0320135880447443,1.206403369905278,-0.6661087172787664,1.1239878693554672,-1.6906817562970466,-0.4247832119035555,-0.3014136386699226,-0.5940009872728496,-0.7068761457190884
-0.1271314823284614,-1.0479014096427246,-0.8138846807447553,3.621127551949009,-0.57068513934929,1.5586923606801264,0.4126420111741616,1.3102012292939458,1.5896074720536362,-0.5452805615256462,-1.1150722527348345,0.1234470728311059,-0.3596087614214687,0.3980373441661776,0.0689052456407511,-1.3150804637024789,0.3818953460596774,-0.2520808167443016,0.0341424784732033,-0.8822086344749374,-0.0910863406309384,2.228514156074024,0.6068855210402991,2.2622835301814037,1.4933783224485984,-0.7447596421100962,-1.556940674913349,1.537000602933407,0.7838587230624816,-0.6570417299173092,-1.3700896348953018,0.635889476048705,-0.0398219008846026,1.436028747135785,-1.5926753045318378,-2.4110908539287816,0.1094045267474734,0.4644455042791239,-1.6906817562970466,-0.2400106892799046,-0.026772386911591277,0.42344001561060307,0.649626406958219
1.0397272572896523,0.0264132231452458,-0.1377358534092037,-1.1701416698676022,0.0433694587114884,-0.735802873300173,-0.5614366711579898,-0.1505927043684829,-0.5211342520575722,0.765054769571546,1.0319415170882849,1.3887287477496204,-0.8842501650139067,1.1828811283575904,-0.8249780354829289,-0.6742250072679457,-0.5781279201082165,-0.5115425433393074,-1.948268586206345,0.3830893048394188,-0.8066624023431496,0.8007789701689467,-1.3708131378199364,0.8235474671226107,-1.245391003851951,0.5125739503624793,-0.0150669845932039,0.3946823179031141,0.6531832081082198,-0.3696056908225187,0.9767379650324232,0.0072340899308097,-1.4866738684895764,-0.5415367472394653,0.4616650483643755,0.0767606753577168,-1.2807503622091003,0.4933539344015215,-0.3093917536001532,1.433198631950214,-0.1580127607652954,0.13285622978130868,0.059554293522977426
-1.205518161005546,-1.0919445536682475,-0.5131234171391356,1.3967668872846488,-0.3254304989201835,0.9228079903713792,-0.5614366711579898,0.3996699487513912,-1.4933001565258002,0.8241038102793389,-1.2926043855247826,0.2749804334021561,-0.6722393008773382,-2.444906296734376,0.7918989326128106,-0.017578342799693,1.2279064998396731,-1.410559603080468,-0.6788098449713859,0.9562130914710611,0.4330396624612692,1.389997082007242,0.2155233708099462,0.7969773177861504,-2.675593278846198,1.0378048190996791,0.7309472502100116,1.6277941624584873,1.6239529094527416,1.3128386365824931,-2.640584925583118,1.6633108804343193,-1.4117902846312116,1.3277337230354025,-2.069288808688644,0.2525560524234698,-0.8613200338315925,-0.1462246858752608,-1.269598798335656,-0.0878591209670697,-0.272383883646489,-0.07280232812153592,1.8527884825055894
-1.198454252013363,-1.58412476630941,-1.635536316212871,-0.2984807865413952,-0.5479635882667899,-1.8347926208069425,-0.5614366711579898,0.464972390919937,-1.1310511996260213,0.557682505516334,0.3091853698996687,-0.9114664411152598,-2.278163242079,-0.6416250876470184,-0.1460365979867559,-0.1387211981857585,1.0698779601671504,-0.7617553322928308,1.0476203771253625,0.3337963146422671,1.7122337259529223,0.3730863788943138,-1.488594463196367,1.1889199288063126,-1.771584453174554,0.6990639361262572,1.4814607122891643,1.3555947552112335,0.5711253725094226,1.0524783645856983,-0.1659173978708152,-0.7298324227145886,-2.00717917019231,1.568174053022084,-1.571579489226954,0.9515139705481616,-1.2807503622091003,0.9600425703503191,-0.7880422087062208,0.9437106190471356,0.3257183726051101,0.16636676240173626,-0.23226652917182086
-0.138448087203702,0.0332269213339573,-0.2211798117233927,0.2086930163790808,-0.4803704677101789,0.1853764957639982,-0.5614366711579898,0.3368481826337164,0.5462958555878709,-2.934743271467529,-0.9858474322868532,0.8909980429160964,0.0017849384076206,-0.3388831382236812,0.6766903652874261,0.4047296858250976,0.5089646471392522,0.5769952487100602,-0.7694170059042171,1.0003646126351242,0.2989665767378485,-0.4915616919563301,-1.3478999322366914,1.361041083024886,0.3302959501481938,-2.293126507202232,-0.3164477286726336,-0.735617136590927,-0.4393052435879352,-0.3115722102647221,-0.736406127161613,-0.9720692945623178,-1.353721201358736,-0.196495113209818,-0.5748817171177776,-0.0745096023585923,-1.2807503622091003,0.7488658311249334,-1.6906817562970466,-0.4333843868464102,0.19312184739616134,-0.16609609284023483,-0.9273319489673559
0.2372732357037573,1.0878754768488816,0.3812381807626829,-0.6405757186979113,-0.9758698924350278,0.5123259767348389,-0.5614366711579898,-1.4140426972113365,0.6952672320775717,0.3519831649602161,-0.8927186809612936,-1.4536034060065537,0.5829382414566094,-1.6305520153138002,-0.9894367449144476,0.1575092065422776,-0.4160912093645586,1.0822218741204763,-1.1622937664307509,-0.7115087108561641,-0.9857182632586674,-1.6304139927120938,0.7074570272459123,-0.5708388862657691,0.4132035354975397,-0.9027987686930736,-0.7073891813753345,0.4031916118717621,0.0407253239899679,-2.2056987483772743,-0.5137231200527298,-0.082595650732574,1.0108396459052669,-0.3088625909534885,0.9732077125026134,-0.2239345959300472,-0.7392172330164822,-0.8945765101577154,-0.0438830365834541,-0.7285349697545499,-0.3142587125697246,-0.2663152710230528,0.40130350225771705
0.7295063017103486,0.1953150270386562,0.8068571997873337,1.7491932322964512,-0.1155838251049973,-0.5770017198947305,-0.5614366711579898,0.1696002506339863,0.4861785814407605,0.878618898862174,0.8418947792141588,-0.2456335257445051,-0.6664739739670887,0.0912412565169765,0.0836529513090376,1.5768220472007557,-1.6494331841177383,0.0626894650364396,-0.8842287805174043,-1.75438599150013,0.3628953158778858,-0.0246788147276116,-0.4535415868230139,0.1283346450330938,-0.5886086396652066,0.8942693259020383,-1.2779824061760297,-0.0893635465144993,-0.386178249868558,-1.4798118710675072,-0.5604337197056838,0.9423539089325476,0.077964760034497,-1.4406339211390016,-0.7702286660843671,-0.5348583059034929,1.470541509431729,-0.577363872356029,-0.3098950323281445,0.0502467479910196,-0.3204823775690982,-0.1596432181914797,-0.14671506462692288
0.4784198107835184,-0.0450095405206864,0.0750400243926198,-0.2783358007401503,-0.2726241009689803,-1.5225596499094751,-0.5614366711579898,-1.001850820847032,-0.4479027509082058,-0.2493651058519441,1.7196568701042656,-0.8723878619828991,-0.7640710928209986,0.6994582254368167,-3.047350313554318,0.6369006807585099,-0.887652573797589,-0.309207780666722,0.4034039743644274,1.1674409523229323,0.5207294948344415,-1.4767521910519512,0.3116708574725516,-0.0375917687819508,-0.9859404538893892,0.2930541181369822,-1.0687723944804413,-1.6770086346287956,-0.2155684980413778,0.386947557806223,0.155160303997133,0.7993365855009213,0.6475346260862707,-1.1995368204787258,0.6837668097075392,1.1787457104764334,-0.8217117224010096,-2.000436097623023,-0.4092333441237055,0.2849031019484252,0.22347634628404048,0.3297161369832701,0.6179998846788707
-0.3764155935977307,-1.5478794641392346,0.1734308878336052,0.1602321028184478,0.6549671667367399,-0.9777736340535652,0.1944206391825415,-0.9439477601667654,-0.4469159983022057,0.0095685188985902,1.0411813437895634,-0.9023109136080488,-0.7419303796235529,1.7446561490004076,0.5514857814167412,0.7228527248976238,0.4196365209997515,0.0240756436057281,1.3302441239635518,2.4642749098563264,1.940612920724476,-0.6796200189114502,-0.4927416028798024,-0.3939496773440507,-0.3192016690876869,0.7627741078873596,-0.8919464871051307,0.863533208126374,-0.6757289382812119,0.1333754309747051,1.2057595125436282,0.8464159167819445,0.2175582543617502,1.614117217638829,3.656686707972332,1.2532196292425697,-0.8811941259975505,-1.1597776319697226,-0.2068856383304232,1.4710397130287125,-0.012503901729002953,0.20769303038527284,0.8130798851582861
-1.597701862206,0.0450812395580438,1.4678218639877425,-0.9496270145559944,0.1162023070717485,1.085772906617565,1.184199846668362,-0.2130906456525092,0.2385314458580946,-1.0140069462002268,-0.6489398782325679,-0.9514714823189316,0.2971518296585423,-1.1289822638247171,0.3306374721985678,-0.8063501795696862,0.0555849400794013,0.920813366103688,-0.0231921540800545,0.1136443137498171,0.5676659414653648,-0.7278657200805905,-0.2682484624045128,0.4976578526184672,0.132030961485225,-0.6187906354569006,-0.2078539753578541,-0.5471016722706614,-0.114092107962497,0.1753897445330276,-1.2913504493303147,-0.8506454619441487,0.1672307092332823,-1.384306316746564,-0.1974248284808273,0.3190369976034481,-1.2807503622091003,-0.0723239451002548,-1.6906817562970466,-0.1817418914815402,-0.15046197188427632,-0.23945440375049762,-0.7389043245332063
1.329731623483492,0.7298458333369361,-2.803443520049456,-0.7838693713280206,0.7293831911665083,-0.6141318704136272,-0.5614366711579898,0.9787094084688576,0.1510281663825299,1.0757312587709331,0.066760237317891,1.8900978132425148,-0.1164596741975816,-0.1548906623753119,-0.0886165243161708,-0.8121993914294348,1.5335417632937915,-0.1803455585729078,-0.0784829998172482,0.401849988258485,0.0945129680694648,0.6435337500609132,0.3659797535212198,-0.1883121135518937,-0.1319437983090602,0.2760069476716801,1.353451174402276,-0.4698937423069228,-0.6834973217773939,-0.3029310564414779,0.1266016620459491,0.3343257177022181,-0.5927675374804182,-0.3418631846317275,0.6768704459020348,-0.2107969731195644,1.0994247435942703,0.5916197883537064,0.6200725274571501,0.6476310420022955,0.2517947576544503,0.00972414847532864,-0.4109614561895812
-0.9225431578879412,-0.1064232663556068,0.2712973006199213,1.0807049110271685,0.373795043443937,-0.3962498328739268,0.0507993664652402,-0.4828119202997142,0.4666509256144898,0.2119450402706864,1.3841646310169105,-0.4520283714954811,-0.8472687344277197,0.6779849871607119,-0.4345156079270978,0.3411610947343078,-1.6102299202911423,-1.0401887518868345,0.2110205651392824,0.3734091391351429,-0.7294235543928792,-0.2094057804076044,-1.1224760376514322,0.1009241228274316,-0.8948760367183904,0.5200447358825905,0.0947815787148231,-0.8993534625969628,-0.3970707874096296,0.4368085519939053,1.300501057971953,0.503744316531577,-0.7367280576515064,-0.97568443453367,-0.5388054966386341,-0.0547175540049078,-0.005100208475357,-0.6484020602154293,-0.7111145787393447,0.7788214730876702,0.6900612932629652,0.5982068768964414,0.25307197698235945
-0.4487079630914759,0.9496124984498294,0.4451877788606448,-0.0903382816160418,0.3345625979772142,-0.2898862301680939,1.0024758609924842,-0.5111608334003498,-0.1569384301739716,-0.0922014035247094,-1.1271265640734829,0.2522044367396749,0.4950579401656985,0.8073027951792924,0.6976183299183921,-0.4499016084443014,1.264944686547836,1.9913938444664785,-0.1724498275915029,0.4419265137268114,0.1328032896445995,0.5515804193745623,0.3721605025446652,-0.6599611049716124,0.9012008670326924,0.3652791161142011,0.3773705784874875,1.154083002169831,0.6241275515413295,-0.5560838588733106,-0.4407812987074156,0.5563715190174761,0.8335610410469876,0.7264675886577598,-0.2483296295853084,-0.5934637112391166,0.0396968771651137,0.6463205059670264,-0.8607194093460441,0.4835950991963645,-0.22585069759794368,-0.2791151557457197,-0.379625233322229
1.4067635664908689,0.6232647141820801,1.1690694472775012,-0.3634659672435082,-0.0429903326610121,-1.418037645442462,-0.5614366711579898,-0.9679911805161888,-0.7458059068587436,-0.1137941464444711,0.9473102359623996,0.5036087282762488,1.4922459279913007,1.090539153277585,-1.1327265114492535,0.1895559662494688,-0.6331246954100358,0.0814723955339657,1.1582084184890442,0.4372730339596782,-0.0996434714203161,0.8451895428986497,0.894534513091098,-1.1465731266660546,-0.0820468358058374,1.5759738277895785,0.2197510491376485,-0.7330478346479287,0.363518118269968,0.98060041004319,0.945360690293829,0.3742003878659843,1.1048307382142484,-1.127854021520463,2.093872135703533,-0.1071389536638527,0.7879213739392337,-1.0530385075304811,0.6012086847919713,1.0195392931012677,-0.3279850667200171,0.10921421447360181,0.8986801671013305
0.0861617841630994,0.1570472325879656,-0.7613566909120778,-0.7642916367757364,0.1046038659564636,0.106228885434556,0.019294543153298,-1.4542088868893603,0.4625666270922912,-0.0025010964433314,-0.3667433586286509,0.582455299888263,-0.2422893422554098,-0.0465275484160981,1.5444051852207372,0.7053263628010742,-1.3948879259937412,0.6912594550338228,-0.3638358558197947,1.4626866964628098,-1.0650811472573631,-0.4328018497586802,-0.20187703729391,0.856361812470572,-0.3437112717248765,0.4468820801937599,-1.1714615089789957,-0.6337946313798961,0.0257731629509839,-1.0871451832985988,0.5027253621676012,-0.4532272241030183,0.1546062923613561,-0.5202120955614796,3.0457043970450823,-0.98659546607106,1.3995976991312251,-1.0955231469375557,0.4400320464479097,0.7936753724493607,0.37164603750567654,0.17244506195855375,-1.1697213511848206
0.024106191816039,-1.198996824317386,-3.0040785957282377,-0.9991826194480724,1.298144532105652,-0.4180586075812425,-0.5614366711579898,0.1422730193417004,-0.0032819839645738,1.6430155610239725,1.1267389913175938,0.8413613664674324,-0.2176747129397677,1.294305613879317,-1.6432781256968427,-0.4517214646520149,-0.8820642921229358,-0.8276948000107864,0.0124312528419517,-1.15048290588576,1.2610936811436635,1.884338535065741,-0.0480016439575309,-1.3365025523608858,-0.489391214146634,1.7024711403944663,1.5841419710858553,0.2384578665311976,0.2927235887383546,-0.5450813585893328,1.646591645011933,2.1837967390928084,-0.1653774365514394,2.4101589323348453,-0.3939502228738373,2.287282920444024,-0.631840630012974,-1.2746730249541496,-0.8077053196802849,0.1046452648743255,-0.3746257991001358,0.08436016855767653,2.971313263505949
-0.837901489380007,0.8147376793517682,-0.0440704819476627,-1.2471764202293782,0.648696424817619,-1.016790242307548,-0.5614366711579898,0.1696737372927707,0.2078572483517256,-0.6722296414292009,0.1165262958877405,-1.0345268188004273,-0.8044234502425939,0.3005170446798151,-0.4212684262231832,0.5964929771233588,-1.2392619550189845,0.5855789836243555,-0.5158797493859408,1.186599355820756,-0.1339844799863911,-0.1143637424818497,-0.4087781600118732,0.4544556315240295,0.3940565657976446,0.017207150211913,0.6186576082382278,0.3731635337281649,-0.0785440981903367,-0.6959231775969277,1.0720043589485724,-1.1836843987002503,-0.3673243545708997,-0.0729231221087992,0.9885310872583788,0.5504194765970222,1.0760520140194656,-0.2111806790030043,0.1792120160370595,-0.0239332155113575,0.0382100877441942,-0.23824026014500824,-1.0165534445531865
0.6846017189955215,0.7391472553736108,-0.9048098907828772,-1.026357149545145,0.2379225542242895,-1.7097927630239844,-0.5614366711579898,-0.3959473575518007,-0.5806189054117019,-0.0911928242720817,1.466467551929806,0.900121598559929,0.3923199774011559,-0.021802317120059,-0.6193176178172636,-0.4272211124006205,-1.698972123557488,0.3038138386997427,1.1625524582073037,0.4266290509126068,0.6543599584377817,0.8284193535678049,-0.0309989627120735,-1.3850868296767176,-1.2109034167469388,1.411218042576742,0.8287049528291988,0.0542579707034168,-0.1785945190642811,-0.7741901016432133,2.070492691067053,-1.633514255612082,0.1075368230930131,-1.2770174630012447,-0.270674872739333,-0.6695746552491632,0.3291199516662526,-0.7989578314722697,-0.1936600657434847,1.051717461053442,0.1251669917972103,0.0647065364876312,0.08301319581937469
-0.5950738309900403,-0.345638683601019,-0.4046660531440817,1.6468457221170052,1.7145158715798818,0.0098917750845312,0.1804266059099043,1.384965841921965,-0.2737471155782472,0.654397346701278,0.4010622884695555,0.2018926617894216,-0.2516252262715917,1.5123672608144847,-0.0845683678031527,-0.6308676598501042,0.1021856656361934,0.0735615079060047,1.3361356519025926,-0.0415311377372032,0.443972584920739,2.5559059337029013,-0.1239105964036534,1.1842252666764868,-0.3554054036467575,1.5269949304616195,1.5408882379835562,0.8628617607960719,-0.3672869975001233,-1.2972248255886163,1.1046097339054757,1.4393491563460608,-0.3744195496831494,-1.2862390268096922,-0.6059406519148985,-1.6023262205538156,-1.2807503622091003,1.572217443022277,-0.553222834035544,0.9688242170959924,-0.23138595238198417,0.008597562564785138,0.03289951237786078
-0.5082534869194287,1.52951706201595,-0.0834619721658996,-1.148636154135472,0.2898408099936979,-0.3478414687652769,0.1560428091453764,0.6829885602789892,1.429668738928771,-1.3325971497982143,-0.9320731610510468,-0.0105756943874132,1.7719100444032918,0.0755796191249923,-0.1591842459068332,0.1894285153146127,-1.3943927580723554,1.978585395908505,-0.2593751149710288,1.2022726669333066,-0.0130774148614168,-0.5208718572994597,0.6900373488401619,-1.7192303887264673,0.8804746634785245,0.3143662972400611,0.4186516358546807,-0.9084283309900648,0.1511280007166739,0.5154429445746247,0.3125176649151612,-1.076527868741817,1.1393011068491865,-1.1746366821469316,1.976064001253707,-0.6127776425545639,0.1452255606019563,-1.6670561390481191,0.8204194551792257,0.6695403209731884,-0.4416464614166796,-0.16115520940601538,-1.1587437649950967
0.1662225330456005,0.885446540222079,-0.2525156935040247,-0.636863211315175,1.0129234197792167,0.5027114107344329,-0.5614366711579898,0.6072369761526324,0.1788317621902053,-0.4918733606734348,-1.0438001706151585,-0.8440423817638327,2.056348725567466,-0.0192268971537025,-1.8765310521309144,-0.3063827714799982,-0.5094570274954137,0.8820424188238306,1.0867158880069392,-0.0880684309946799,-1.0923861613585748,0.9598010332577028,1.4789396199943876,-0.1878127541590841,1.9364714370808924,0.3053471368411749,0.3743877627878081,1.462945759994733,-0.564107824980705,-0.7818143657669,-0.0383494562067915,-0.6182606157128103,1.7882652976067186,1.0493202409435378,-0.1996297371082129,-1.0901630555552977,0.4349828468020933,0.6235634291189427,0.4303827016029187,-0.2057810928100843,-0.3834055865117833,-0.08921544680055662,-0.07834679633920723
1.9252434940018608,1.9092419194485548,-1.3180419360222695,-1.416879567858821,-0.0437673189160806,-0.2426788084800258,-0.5614366711579898,-0.8266104082234783,-0.08615565600699,0.264936416918983,1.1445885561913736,-0.5456126022501588,0.648526466156477,0.8742626501258255,-0.4478099462112341,-0.4934689056660731,-0.3050959697980396,0.249872882108121,0.6756444070463343,-0.7949421994938658,0.0134615193247297,-0.3160933197623134,1.3308295524189082,-1.623197589749827,-0.1096968448736037,0.8882805772294841,0.7367719802425741,-0.6820610784330319,0.3957423277752416,0.2236098846128879,0.4571307530160626,0.2038697750704932,1.0870023951679395,-0.7683145541098448,2.615617362046,-0.5541627095316927,1.4961887832080505,-1.1163647334080975,1.1837897170583749,1.3362113371643791,-0.16522775905928042,-0.191885232252829,-0.44256425967810287
-1.181928294628606,-1.7552480493601248,4.045419094900233,-1.2394828956421369,-2.7888451056674,-2.0736447428433444,0.7257943439139459,-1.0278949899434262,0.5196376314462363,1.53967277011549,1.1032692741247283,-0.5418286749121379,-1.8535795579706336,-1.187636425398164,1.7641677475346833,-1.182116777505728,-0.3877787735033612,-0.9627165292605656,0.9241939619619104,0.0902245814117954,0.9626379967137024,0.2890963951254423,-0.5673801338030506,-4.4068718919079615,-0.2787321910743685,1.5718589490899992,1.3638083961819556,-0.6322686896247804,0.2399607905833563,0.017685721032604,1.442867139275933,0.5982188284836764,-1.7614673734163884,-0.1882841592213922,-0.7401821263768547,-0.2899507607130199,-1.2807503622091003,-1.6998343560348248,-1.0075532229716089,-0.6451183572141266,-0.14177610745050964,0.12041039494904855,2.0195126458600163
-1.0676400514331128,-0.2156391113650166,1.1991867258114732,0.2098907360548421,-1.0850994105637075,0.4344869371586171,-0.5614366711579898,-2.5003897462331373,0.3753485330410316,1.1145391469155783,-0.1624021970756987,-0.6308641371647005,0.6707451758698708,-0.8451314278026586,0.6483337005583292,0.6895990364354588,0.1161769302472782,0.456467735864115,-0.802169866641108,0.7759523585792294,-1.1365397456332855,-0.5612546373853026,-0.6351519628201899,0.0446668151814693,1.1703723187809916,-2.149885478577142,-0.3932250078399671,-1.7973517261987213,-0.7419290774511106,0.8397823829369838,-0.2495577071441042,-0.0973441900343984,-0.4038010330262509,0.5774532453798196,-1.1024328331958888,0.831421221189713,0.0704859784963806,-0.5675989054428943,0.6314152615755921,0.7074211175578913,-0.06855647840702894,-0.41042078144956917,0.6591456805076552
-0.2932719045058908,-0.0960635104194833,0.8368953300795929,1.047079402932647,0.537356048076515,1.587479142240157,-0.5614366711579898,1.5359378951934566,1.9925183126342532,0.2199993034137398,-0.6055695006343371,-0.1545343840327997,-0.0163946351454428,0.105256765285158,0.6320895136824262,0.6440283062537921,-0.5051514858432765,-1.832587699281631,-1.0778747076071742,-0.2989472566087665,-0.646916811150802,-0.6981679965419398,-0.5558393103139693,0.9990077365822118,0.3003618911523196,-1.5987555041880703,-1.101194066423177,-1.483711881588716,-1.3764890986235248,-0.3561894553388219,-0.3259410001101274,-0.860979164183901,-0.8155060308716907,-1.8127055114777364,-0.090859895875434,0.4682318675443421,-0.4234089354272436,0.7476210153889901,-1.6906817562970466,-1.3000326907443511,0.6715024027235371,0.3212074703974752,-0.018913047945842792
0.7054435595400124,-0.0203054133028292,0.7603235846733031,0.1412806687611933,0.4277792138052917,0.186000288805488,-0.5614366711579898,0.6104760900124246,0.4542524247358505,0.1438241938405821,-0.0038777570832078,-0.3441054563735355,1.6949120455101951,0.9000272916847397,-0.7765880426468732,0.3642284293845495,-0.2725165718104823,0.2885543642987127,-0.5374328531256886,-0.0937138283915542,-0.9152527115892992,1.3510011528541972,0.4517155866280354,0.0632446043966584,1.4719117531404566,0.0249302498522613,-0.3355091980275098,-0.6585958130436937,-1.2920735079074657,0.8289729864594441,-0.1368741752672644,0.9365185862239372,1.008286516627582,-0.1179347494668611,-0.0447621130689068,0.3200669787023585,1.0051785205589392,0.0173128076331767,0.689223616745589,0.2017287295764572,0.08539885276007307,0.06867655729461958,0.2250570293210891
0.1562556894876783,-1.4896320040956894,-0.2734163894617565,3.0893320960041,1.0220521856924618,0.8117551777145844,2.619931743398383,0.1030345305523293,-0.4288784880847214,-1.6444999790518535,-3.855646160143377,0.7191520429822887,-0.1925010247833208,-1.324848502738636,-1.5052974820709402,-2.1124601875834,1.255111185963307,-0.0101422749323234,0.6095789023578746,-0.4170848863155653,2.111309667626286,0.7078514725837421,-0.3850395748593913,0.8070329345100642,-0.0116540407700238,0.2592608090328663,1.1664380906966825,1.2745924935312334,-2.16720201325488,-0.3294965149452049,0.6836861277059281,0.8793833666375002,-0.4500603733250577,-0.2904900712004616,-0.2389701823601319,0.4965420140631376,-0.2609170987348057,1.571107339294183,-1.3469717527792278,0.2706149959296167,0.2171076562962841,0.0027204816116549904,0.5284224201490024
-2.0911688286003804,-0.3520830590964965,1.887236859254083,1.7818902378631412,-0.5893779779548921,1.232577015848566,-0.5614366711579898,-2.830809682710237,0.744913363591649,2.2522875538640905,-1.863563624612687,-4.0956549184371,2.7282358817360457,-0.338374310510581,0.905600991330642,-0.9922103425707356,1.172895154510392,0.5168286788568611,-1.4525987026846374,-2.8791258539631994,-0.793746003145628,-1.1035017799797486,-1.2907668747552448,0.2355793729945267,1.658503109056258,-2.7331440056341147,0.4868227352300315,-2.533525204547136,-3.1171011464005924,0.4119833488405243,-2.633358669509839,-0.902493015756913,-0.892304950777705,-1.3086465933758007,-1.047605933289555,-1.729564531886006,-1.2807503622091003,0.621433245108358,0.1856213157298674,-3.490450480363192,-0.16282455394467485,-0.29660013759565873,-0.2163202294583289
-1.0279313370814105,1.0085622891984811,-0.9626190353989004,-0.3788054843051398,0.0902266294507861,-0.0320671871781097,-0.5614366711579898,0.4236970144330305,1.282148116125122,0.2480732635869197,-1.038492095404656,1.333208965212794,0.8809099300048419,0.3042244839191414,0.7548995985317422,-0.1556609471815885,0.2718443117681266,1.053942977293707,-2.0404712819738515,0.7859534512161125,-0.6267074931459635,-0.0874969757896821,0.0478485116491169,0.2557383366254059,1.478102723667743,-0.4016583152713613,0.0166011145307859,-0.1964169000307104,-0.5258414830307591,-0.8902223049150225,0.0473718260659106,0.2688430811476381,-0.8379696833250686,-0.9403499546648908,0.6155647974167354,-1.0300747431470576,1.5203177537756571,-0.0937550606780969,-1.1337806184212595,0.0225317718908858,-0.11495511009561885,-0.34898258152965034,-1.6675702646852903
-1.2579404988996834,-0.2883211194497643,0.5376638471540777,0.3008991351505408,-0.3406100903177195,0.510259455563723,0.7550709811846468,0.341721048284184,0.7381876966941776,0.7675508701799438,-1.0357249519090166,-0.918359413574452,1.0675988148998663,-0.4655530881760243,1.1391236986378588,0.6640844898029501,1.790914942720542,0.6006710522586866,-0.0030505541718253,-0.9442072179347922,-0.0444595051530322,0.8424917003396714,-0.7912383901641435,1.0198745361932349,1.0475017631336707,-2.3839373066038574,-0.8186317425371058,-0.5254933946121828,-0.8825720176971658,2.044661803339892,-1.9789901957521407,0.6790092352256836,-1.2611090198816308,0.7972613344322254,-0.4889256605410783,0.2347109130236058,0.0344471360670733,2.0682859322096685,-0.0796622016110645,-0.6457853092012819,0.43983275988342424,0.08832430782851632,-1.0112673928279698
0.84567943415563,0.4361010640047854,0.5227153336877538,0.0678679117991363,-1.2074437031915974,1.3045781995905774,0.4908316894805125,0.4737884667623164,1.7485614801651967,-1.4112394061604878,-1.0345731579921158,-1.0633510392491603,2.699862217792827,-0.981946090070146,0.3066487180561464,0.0536208567242222,1.3490033912511965,1.1390604789079355,-0.957171579993494,-0.6447385423631175,-0.812952403368387,-0.6115054548415025,0.7457970456988017,0.4940299789719738,2.175896547864291,-1.7093187564803585,-0.2524916028063034,-0.1546395964089443,0.571456604865777,0.5636235855999522,-1.4029491961816478,-0.7129275338781322,1.503822837641873,0.6448173610236374,-0.7709819511382829,-0.3312745823750015,-0.7245072989888749,0.6976721537646801,1.4530745500263662,-2.309222361533767,0.12085389107760562,0.004976828072221343,-0.4232246948702589
0.0815362207324331,-0.3933530559602453,1.1494538707850035,-0.1151490859878428,-0.7062398966939449,0.5533956494908641,-0.5614366711579898,0.5574984598096152,1.6823094862418435,1.1320551327676345,-0.2402177297329505,-0.3549564532699175,0.8864302816467774,-0.4635797172285584,0.0221226352483972,-1.0787956859444645,-0.7624169883852553,0.5181514243694422,-0.2558769017551973,0.0495829202236159,-0.4551947485551634,-0.1422036103628779,0.1390723875237986,-0.9520159186053634,0.8153893910734261,-1.1106760761637164,-0.8172781111315578,-0.3577901538654469,-0.4034310221098474,1.008805559968066,0.0685375529900779,0.4413139861580709,0.6406678164352463,-0.627365503582072,-0.3897542838490163,0.2388830683874372,0.0166539890171499,-0.1244017963122937,0.3554278714912889,1.13255561216205,0.05170161948834604,-0.16703076951179702,-0.3729928079205937
-2.352737967555893,-2.2877917021671674,0.4451382241427955,-0.1046460105837141,-1.8500829718206624,-0.4445029979108211,-0.5614366711579898,-3.1496756028032915,1.2530886217637924,0.0346038338522749,-0.572087836155674,-2.6329127437660818,-0.1080041184515356,-0.179223010771149,0.3936555358970819,-1.4184719178176468,-1.438990345277806,-1.6766448847270408,0.2463837679116177,2.051059362870874,0.4717695754739163,-0.1052788355546647,-2.909291604109097,-2.4552058762699134,-1.912542224074351,-0.103305258930974,-0.3151092185496432,-0.2554297318389517,-0.1115114576209233,0.3550883714254542,0.8579797155094621,-0.5980726943820025,-2.7532288468318478,-0.0038266507439273,-1.6569466548191816,1.034586288495035,0.377848174888682,-1.053055281697863,-0.8706388560291743,-1.062206300581267,0.11016641047503108,0.012681990328616454,0.6843083696109759
0.4838836630592735,2.838638121767427,1.9295879427023683,-0.0744292881952502,-1.0738145509074533,1.6637017319063057,3.587411093068236,0.0421728025092325,0.9262849485652764,-2.0285811419982416,-1.817506830744749,0.3477762031187074,1.8788641399893575,0.5301894583839933,1.402333531083656,1.921870378705522,1.1922964201026076,2.4283272261599835,-0.2671698201441769,-2.7037068851516493,-1.538886606422529,0.488671225218295,2.2674376087333203,-1.2532984697480554,2.0945293353474645,-2.104933920343748,-1.7968145024315267,0.1479331252056939,0.8603478806168536,0.0380018412503303,-1.4725572679574606,0.5304626549420983,1.3614295296360022,1.6586060520617365,2.1164579313688354,-1.6962550773939,0.364714912997245,-0.688510155316279,0.8923783174944948,-1.8617603686589237,-1.2726863949034148,-0.8138237732368464,-0.47683298598391977
